coord,weather,snow,rain,message,main,description,icon,base,main,feels_like,temp_min,temp_max,pressure,humidity,visibility,wind,clouds,dt,sys,id,country,sunrise,sunset,timezone,id,name,cod
"{'lon': 115.3333, 'lat': -33.65}","[{'id': 800, 'main': 'Clear', 'description': 'clear sky', 'icon': '01d'}]",,,,"{'temp': 299.18, 'feels_like': 299.36, 'temp_min': 298.15, 'temp_max': 299.82, 'pressure': 1012, 'humidity': 49}",,,stations,"{'temp': 299.18, 'feels_like': 299.36, 'temp_min': 298.15, 'temp_max': 299.82, 'pressure': 1012, 'humidity': 49}",,,,,,10000,"{'speed': 1.79, 'deg': 175, 'gust': 6.26}",{'all': 0},1612323267,"{'type': 3, 'id': 2008303, 'country': 'AU', 'sunrise': 1612302153, 'sunset': 1612351340}",2075265,,,,28800,2075265,Busselton,200
"{'lon': -73.9662, 'lat': 42.6001}","[{'id': 600, 'main': 'Snow', 'description': 'light snow', 'icon': '13n'}]",{'1h': 0.15},,,"{'temp': 269.71, 'feels_like': 266.76, 'temp_min': 269.26, 'temp_max': 269.82, 'pressure': 995, 'humidity': 87}",,,stations,"{'temp': 269.71, 'feels_like': 266.76, 'temp_min': 269.26, 'temp_max': 269.82, 'pressure': 995, 'humidity': 87}",,,,,,1544,"{'speed': 0.45, 'deg': 355, 'gust': 1.34}",{'all': 98},1612323195,"{'type': 3, 'id': 19530, 'country': 'US', 'sunrise': 1612267723, 'sunset': 1612303826}",5106841,,,,-18000,5106841,Albany,200
"{'lon': -25.0201, 'lat': 17.1503}","[{'id': 802, 'main': 'Clouds', 'description': 'scattered clouds', 'icon': '03n'}]",,,,"{'temp': 293.15, 'feels_like': 288.59, 'temp_min': 293.15, 'temp_max': 293.15, 'pressure': 1015, 'humidity': 77}",,,stations,"{'temp': 293.15, 'feels_like': 288.59, 'temp_min': 293.15, 'temp_max': 293.15, 'pressure': 1015, 'humidity': 77}",,,,,,10000,"{'speed': 9.26, 'deg': 60}",{'all': 40},1612323863,"{'type': 1, 'id': 2467, 'country': 'CV', 'sunrise': 1612339870, 'sunset': 1612380998}",3374351,,,,-3600,3374351,Pombas,200
"{'lon': -114.3525, 'lat': 62.456}","[{'id': 600, 'main': 'Snow', 'description': 'light snow', 'icon': '13n'}]",,,,"{'temp': 247.15, 'feels_like': 240.08, 'temp_min': 247.15, 'temp_max': 247.15, 'pressure': 1025, 'humidity': 70}",,,stations,"{'temp': 247.15, 'feels_like': 240.08, 'temp_min': 247.15, 'temp_max': 247.15, 'pressure': 1025, 'humidity': 70}",,,,,,10000,"{'speed': 4.63, 'deg': 10}",{'all': 90},1612323283,"{'type': 1, 'id': 1007, 'country': 'CA', 'sunrise': 1612281729, 'sunset': 1612309207}",6185377,,,,-25200,6185377,Yellowknife,200
"{'lon': 167.7167, 'lat': -45.4167}","[{'id': 801, 'main': 'Clouds', 'description': 'few clouds', 'icon': '02d'}]",,,,"{'temp': 294.4, 'feels_like': 293.25, 'temp_min': 294.4, 'temp_max': 294.4, 'pressure': 1020, 'humidity': 55, 'sea_level': 1020, 'grnd_level': 995}",,,stations,"{'temp': 294.4, 'feels_like': 293.25, 'temp_min': 294.4, 'temp_max': 294.4, 'pressure': 1020, 'humidity': 55, 'sea_level': 1020, 'grnd_level': 995}",,,,,,10000,"{'speed': 2.46, 'deg': 193}",{'all': 14},1612323284,"{'country': 'NZ', 'sunrise': 1612288037, 'sunset': 1612340309}",2181625,,,,46800,2181625,Te Anau,200
"{'lon': 15.6401, 'lat': 78.2186}","[{'id': 803, 'main': 'Clouds', 'description': 'broken clouds', 'icon': '04n'}]",,,,"{'temp': 269.15, 'feels_like': 262.21, 'temp_min': 269.15, 'temp_max': 269.15, 'pressure': 1017, 'humidity': 68}",,,stations,"{'temp': 269.15, 'feels_like': 262.21, 'temp_min': 269.15, 'temp_max': 269.15, 'pressure': 1017, 'humidity': 68}",,,,,,10000,"{'speed': 5.66, 'deg': 160}",{'all': 75},1612323269,"{'type': 1, 'id': 1663, 'country': 'SJ', 'sunrise': 0, 'sunset': 0}",2729907,,,,3600,2729907,Longyearbyen,200
"{'lon': -70.9167, 'lat': -53.15}","[{'id': 804, 'main': 'Clouds', 'description': 'overcast clouds', 'icon': '04n'}]",,,,"{'temp': 286.04, 'feels_like': 281.92, 'temp_min': 285.93, 'temp_max': 286.15, 'pressure': 1006, 'humidity': 71}",,,stations,"{'temp': 286.04, 'feels_like': 281.92, 'temp_min': 285.93, 'temp_max': 286.15, 'pressure': 1006, 'humidity': 71}",,,,,,10000,"{'speed': 5.14, 'deg': 280}",{'all': 90},1612323268,"{'type': 1, 'id': 8487, 'country': 'CL', 'sunrise': 1612343922, 'sunset': 1612398978}",3874787,,,,-10800,3874787,Punta Arenas,200
"{'lon': 125.4092, 'lat': -8.9266}","[{'id': 804, 'main': 'Clouds', 'description': 'overcast clouds', 'icon': '04d'}]",,,,"{'temp': 292.07, 'feels_like': 294.29, 'temp_min': 292.07, 'temp_max': 292.07, 'pressure': 1007, 'humidity': 100, 'sea_level': 1007, 'grnd_level': 854}",,,stations,"{'temp': 292.07, 'feels_like': 294.29, 'temp_min': 292.07, 'temp_max': 292.07, 'pressure': 1007, 'humidity': 100, 'sea_level': 1007, 'grnd_level': 854}",,,,,,10000,"{'speed': 1.4, 'deg': 287}",{'all': 98},1612323284,"{'country': 'TL', 'sunrise': 1612301875, 'sunset': 1612346781}",1651810,,,,32400,1651810,Airai,200
"{'lon': 116.6142, 'lat': 23.1935}","[{'id': 800, 'main': 'Clear', 'description': 'clear sky', 'icon': '01d'}]",,,,"{'temp': 292.15, 'feels_like': 290.22, 'temp_min': 292.15, 'temp_max': 292.15, 'pressure': 1024, 'humidity': 48}",,,stations,"{'temp': 292.15, 'feels_like': 290.22, 'temp_min': 292.15, 'temp_max': 292.15, 'pressure': 1024, 'humidity': 48}",,,,,,10000,"{'speed': 2, 'deg': 60}",{'all': 0},1612323863,"{'type': 1, 'id': 9632, 'country': 'CN', 'sunrise': 1612306367, 'sunset': 1612346511}",1809062,,,,28800,1809062,Haimen,200
"{'lon': 102.5, 'lat': 71.9667}","[{'id': 804, 'main': 'Clouds', 'description': 'overcast clouds', 'icon': '04d'}]",,,,"{'temp': 246.07, 'feels_like': 241.13, 'temp_min': 246.07, 'temp_max': 246.07, 'pressure': 1015, 'humidity': 87, 'sea_level': 1015, 'grnd_level': 1011}",,,stations,"{'temp': 246.07, 'feels_like': 241.13, 'temp_min': 246.07, 'temp_max': 246.07, 'pressure': 1015, 'humidity': 87, 'sea_level': 1015, 'grnd_level': 1011}",,,,,,1956,"{'speed': 1.61, 'deg': 339}",{'all': 100},1612323279,"{'country': 'RU', 'sunrise': 1612322557, 'sunset': 1612337096}",2022572,,,,25200,2022572,Khatanga,200
"{'lon': 59.5289, 'lat': 22.5667}","[{'id': 803, 'main': 'Clouds', 'description': 'broken clouds', 'icon': '04d'}]",,,,"{'temp': 294.66, 'feels_like': 294.86, 'temp_min': 294.66, 'temp_max': 294.66, 'pressure': 1019, 'humidity': 62, 'sea_level': 1019, 'grnd_level': 1018}",,,stations,"{'temp': 294.66, 'feels_like': 294.86, 'temp_min': 294.66, 'temp_max': 294.66, 'pressure': 1019, 'humidity': 62, 'sea_level': 1019, 'grnd_level': 1018}",,,,,,10000,"{'speed': 1.48, 'deg': 6}",{'all': 69},1612323863,"{'country': 'OM', 'sunrise': 1612320012, 'sunset': 1612360269}",286245,,,,14400,286245,Sur,200
"{'lon': 142.15, 'lat': -34.2}","[{'id': 800, 'main': 'Clear', 'description': 'clear sky', 'icon': '01d'}]",,,,"{'temp': 297.87, 'feels_like': 294.37, 'temp_min': 297.15, 'temp_max': 298.71, 'pressure': 1010, 'humidity': 33}",,,stations,"{'temp': 297.87, 'feels_like': 294.37, 'temp_min': 297.15, 'temp_max': 298.71, 'pressure': 1010, 'humidity': 33}",,,,,,10000,"{'speed': 4.12, 'deg': 110}",{'all': 0},1612323863,"{'type': 1, 'id': 9550, 'country': 'AU', 'sunrise': 1612295652, 'sunset': 1612344968}",2157698,,,,39600,2157698,Mildura,200
"{'lon': 113.6333, 'lat': -24.8667}","[{'id': 804, 'main': 'Clouds', 'description': 'overcast clouds', 'icon': '04d'}]",,,,"{'temp': 300.15, 'feels_like': 302.12, 'temp_min': 300.15, 'temp_max': 300.15, 'pressure': 998, 'humidity': 100}",,,stations,"{'temp': 300.15, 'feels_like': 302.12, 'temp_min': 300.15, 'temp_max': 300.15, 'pressure': 998, 'humidity': 100}",,,,,,10000,"{'speed': 8.23, 'deg': 160}",{'all': 90},1612323271,"{'type': 1, 'id': 9505, 'country': 'AU', 'sunrise': 1612303423, 'sunset': 1612350886}",2074865,,,,28800,2074865,Carnarvon,200
"{'lon': 17.9442, 'lat': -33.0117}","[{'id': 800, 'main': 'Clear', 'description': 'clear sky', 'icon': '01n'}]",,,,"{'temp': 289.15, 'feels_like': 287.18, 'temp_min': 289.15, 'temp_max': 289.15, 'pressure': 1010, 'humidity': 82}",,,stations,"{'temp': 289.15, 'feels_like': 287.18, 'temp_min': 289.15, 'temp_max': 289.15, 'pressure': 1010, 'humidity': 82}",,,,,,10000,"{'speed': 4.12, 'deg': 230}",{'all': 0},1612323319,"{'type': 1, 'id': 1943, 'country': 'ZA', 'sunrise': 1612325610, 'sunset': 1612374633}",3361934,,,,7200,3361934,Saldanha,200
"{'lon': 19.6363, 'lat': 48.8043}","[{'id': 500, 'main': 'Rain', 'description': 'light rain', 'icon': '10n'}]",,{'1h': 0.27},,"{'temp': 272.04, 'feels_like': 268.37, 'temp_min': 272.04, 'temp_max': 272.04, 'pressure': 1012, 'humidity': 67}",,,stations,"{'temp': 272.04, 'feels_like': 268.37, 'temp_min': 272.04, 'temp_max': 272.04, 'pressure': 1012, 'humidity': 67}",,,,,,1565,"{'speed': 1.31, 'deg': 191}",{'all': 100},1612323864,"{'type': 3, 'id': 2008861, 'country': 'SK', 'sunrise': 1612332521, 'sunset': 1612366910}",3060950,,,,3600,3060950,Brezno,200
"{'lon': 152.9167, 'lat': -31.4333}","[{'id': 802, 'main': 'Clouds', 'description': 'scattered clouds', 'icon': '03d'}]",,,,"{'temp': 299.55, 'feels_like': 301.61, 'temp_min': 299.26, 'temp_max': 299.82, 'pressure': 1010, 'humidity': 59}",,,stations,"{'temp': 299.55, 'feels_like': 301.61, 'temp_min': 299.26, 'temp_max': 299.82, 'pressure': 1010, 'humidity': 59}",,,,,,10000,"{'speed': 0.89, 'deg': 290, 'gust': 1.79}",{'all': 32},1612323717,"{'type': 3, 'id': 2030397, 'country': 'AU', 'sunrise': 1612293360, 'sunset': 1612342091}",2152659,,,,39600,2152659,Port Macquarie,200
"{'lon': -133.0374, 'lat': 69.4541}","[{'id': 800, 'main': 'Clear', 'description': 'clear sky', 'icon': '01n'}]",,,,"{'temp': 232.15, 'feels_like': 227.11, 'temp_min': 232.15, 'temp_max': 232.15, 'pressure': 1041, 'humidity': 74}",,,stations,"{'temp': 232.15, 'feels_like': 227.11, 'temp_min': 232.15, 'temp_max': 232.15, 'pressure': 1041, 'humidity': 74}",,,,,,10000,"{'speed': 1.54, 'deg': 230}",{'all': 1},1612323287,"{'type': 1, 'id': 942, 'country': 'CA', 'sunrise': 1612290109, 'sunset': 1612309797}",6170031,,,,-25200,6170031,Tuktoyaktuk,200
"{'lon': 89.9833, 'lat': 22.5667}","[{'id': 800, 'main': 'Clear', 'description': 'clear sky', 'icon': '01d'}]",,,,"{'temp': 295.38, 'feels_like': 291.7, 'temp_min': 295.38, 'temp_max': 295.38, 'pressure': 1018, 'humidity': 30, 'sea_level': 1018, 'grnd_level': 1017}",,,stations,"{'temp': 295.38, 'feels_like': 291.7, 'temp_min': 295.38, 'temp_max': 295.38, 'pressure': 1018, 'humidity': 30, 'sea_level': 1018, 'grnd_level': 1017}",,,,,,10000,"{'speed': 3.33, 'deg': 344}",{'all': 0},1612323864,"{'country': 'BD', 'sunrise': 1612312705, 'sunset': 1612352957}",1185138,,,,21600,1185138,Pirojpur,200
"{'lon': 18.4232, 'lat': -33.9258}","[{'id': 800, 'main': 'Clear', 'description': 'clear sky', 'icon': '01n'}]",,,,"{'temp': 291.57, 'feels_like': 288.3, 'temp_min': 290.93, 'temp_max': 292.59, 'pressure': 1011, 'humidity': 88}",,,stations,"{'temp': 291.57, 'feels_like': 288.3, 'temp_min': 290.93, 'temp_max': 292.59, 'pressure': 1011, 'humidity': 88}",,,,,,10000,"{'speed': 7.72, 'deg': 210}",{'all': 0},1612323441,"{'type': 1, 'id': 1899, 'country': 'ZA', 'sunrise': 1612325397, 'sunset': 1612374616}",3369157,,,,7200,3369157,Cape Town,200
"{'lon': 114.0833, 'lat': 71.9167}","[{'id': 804, 'main': 'Clouds', 'description': 'overcast clouds', 'icon': '04d'}]",,,,"{'temp': 253.61, 'feels_like': 246.5, 'temp_min': 253.61, 'temp_max': 253.61, 'pressure': 1008, 'humidity': 91, 'sea_level': 1008, 'grnd_level': 1007}",,,stations,"{'temp': 253.61, 'feels_like': 246.5, 'temp_min': 253.61, 'temp_max': 253.61, 'pressure': 1008, 'humidity': 91, 'sea_level': 1008, 'grnd_level': 1007}",,,,,,512,"{'speed': 5, 'deg': 25}",{'all': 100},1612323277,"{'country': 'RU', 'sunrise': 1612319722, 'sunset': 1612334371}",2017155,,,,32400,2017155,Saskylakh,200
"{'lon': -70.05, 'lat': -26.3667}","[{'id': 802, 'main': 'Clouds', 'description': 'scattered clouds', 'icon': '03n'}]",,,,"{'temp': 286.22, 'feels_like': 285.39, 'temp_min': 286.22, 'temp_max': 286.22, 'pressure': 1015, 'humidity': 67, 'sea_level': 1015, 'grnd_level': 904}",,,stations,"{'temp': 286.22, 'feels_like': 285.39, 'temp_min': 286.22, 'temp_max': 286.22, 'pressure': 1015, 'humidity': 67, 'sea_level': 1015, 'grnd_level': 904}",,,,,,10000,"{'speed': 0.22, 'deg': 223}",{'all': 35},1612323864,"{'country': 'CL', 'sunrise': 1612347394, 'sunset': 1612395090}",3892454,,,,-10800,3892454,Diego de Almagro,200
"{'lon': -34.8553, 'lat': -8.0089}","[{'id': 802, 'main': 'Clouds', 'description': 'scattered clouds', 'icon': '03n'}]",,,,"{'temp': 299.15, 'feels_like': 299.9, 'temp_min': 299.15, 'temp_max': 299.15, 'pressure': 1013, 'humidity': 69}",,,stations,"{'temp': 299.15, 'feels_like': 299.9, 'temp_min': 299.15, 'temp_max': 299.15, 'pressure': 1013, 'humidity': 69}",,,,,,10000,"{'speed': 4.12, 'deg': 100}",{'all': 40},1612323298,"{'type': 1, 'id': 8426, 'country': 'BR', 'sunrise': 1612340414, 'sunset': 1612385175}",3393536,,,,-10800,3393536,Olinda,200
"{'lon': 168.3333, 'lat': -46.6}","[{'id': 803, 'main': 'Clouds', 'description': 'broken clouds', 'icon': '04d'}]",,,,"{'temp': 287.06, 'feels_like': 284.45, 'temp_min': 287.06, 'temp_max': 287.06, 'pressure': 1021, 'humidity': 69, 'sea_level': 1021, 'grnd_level': 1018}",,,stations,"{'temp': 287.06, 'feels_like': 284.45, 'temp_min': 287.06, 'temp_max': 287.06, 'pressure': 1021, 'humidity': 69, 'sea_level': 1021, 'grnd_level': 1018}",,,,,,10000,"{'speed': 3.18, 'deg': 185}",{'all': 73},1612323270,"{'country': 'NZ', 'sunrise': 1612287696, 'sunset': 1612340354}",2206939,,,,46800,2206939,Bluff,200
"{'lon': -155.09, 'lat': 19.7297}","[{'id': 800, 'main': 'Clear', 'description': 'clear sky', 'icon': '01d'}]",,,,"{'temp': 295.1, 'feels_like': 292.78, 'temp_min': 292.59, 'temp_max': 298.15, 'pressure': 1014, 'humidity': 65}",,,stations,"{'temp': 295.1, 'feels_like': 292.78, 'temp_min': 292.59, 'temp_max': 298.15, 'pressure': 1014, 'humidity': 65}",,,,,,10000,"{'speed': 5.66, 'deg': 120}",{'all': 1},1612323274,"{'type': 1, 'id': 7881, 'country': 'US', 'sunrise': 1612284899, 'sunset': 1612325593}",5855927,,,,-36000,5855927,Hilo,200
,,,,city not found,,,,,,,,,,,,,,,,,,,,,,,404
"{'lon': -51.1, 'lat': 69.2167}","[{'id': 800, 'main': 'Clear', 'description': 'clear sky', 'icon': '01n'}]",,,,"{'temp': 252.15, 'feels_like': 241.91, 'temp_min': 252.15, 'temp_max': 252.15, 'pressure': 1027, 'humidity': 65}",,,stations,"{'temp': 252.15, 'feels_like': 241.91, 'temp_min': 252.15, 'temp_max': 252.15, 'pressure': 1027, 'humidity': 65}",,,,,,10000,"{'speed': 9.26, 'deg': 100}",{'all': 0},1612323300,"{'type': 1, 'id': 165, 'country': 'GL', 'sunrise': 1612356422, 'sunset': 1612376966}",3423146,,,,-10800,3423146,Ilulissat,200
"{'lon': 55.7679, 'lat': -21.3585}","[{'id': 800, 'main': 'Clear', 'description': 'clear sky', 'icon': '01d'}]",,,,"{'temp': 299.18, 'feels_like': 300.94, 'temp_min': 295.93, 'temp_max': 300.93, 'pressure': 1013, 'humidity': 65}",,,stations,"{'temp': 299.18, 'feels_like': 300.94, 'temp_min': 295.93, 'temp_max': 300.93, 'pressure': 1013, 'humidity': 65}",,,,,,10000,"{'speed': 2.06, 'deg': 50}",{'all': 0},1612323271,"{'type': 1, 'id': 2127, 'country': 'RE', 'sunrise': 1612317621, 'sunset': 1612364465}",935215,,,,14400,935215,Saint-Philippe,200
"{'lon': -49.6678, 'lat': 61.994}","[{'id': 800, 'main': 'Clear', 'description': 'clear sky', 'icon': '01n'}]",,,,"{'temp': 258.62, 'feels_like': 250.87, 'temp_min': 258.62, 'temp_max': 258.62, 'pressure': 1021, 'humidity': 79, 'sea_level': 1021, 'grnd_level': 1019}",,,stations,"{'temp': 258.62, 'feels_like': 250.87, 'temp_min': 258.62, 'temp_max': 258.62, 'pressure': 1021, 'humidity': 79, 'sea_level': 1021, 'grnd_level': 1019}",,,,,,10000,"{'speed': 6.1, 'deg': 355}",{'all': 0},1612323864,"{'country': 'GL', 'sunrise': 1612352299, 'sunset': 1612380400}",3421193,,,,-10800,3421193,Paamiut,200
,,,,city not found,,,,,,,,,,,,,,,,,,,,,,,404
"{'lon': 172.7902, 'lat': 3.0707}","[{'id': 500, 'main': 'Rain', 'description': 'light rain', 'icon': '10d'}]",,{'1h': 0.18},,"{'temp': 300.99, 'feels_like': 301.69, 'temp_min': 300.99, 'temp_max': 300.99, 'pressure': 1005, 'humidity': 83, 'sea_level': 1005, 'grnd_level': 1004}",,,stations,"{'temp': 300.99, 'feels_like': 301.69, 'temp_min': 300.99, 'temp_max': 300.99, 'pressure': 1005, 'humidity': 83, 'sea_level': 1005, 'grnd_level': 1004}",,,,,,10000,"{'speed': 7.89, 'deg': 83}",{'all': 97},1612323272,"{'country': 'KI', 'sunrise': 1612291367, 'sunset': 1612334544}",2110227,,,,43200,2110227,Butaritari,200
"{'lon': -50.2056, 'lat': -30.1811}","[{'id': 804, 'main': 'Clouds', 'description': 'overcast clouds', 'icon': '04n'}]",,,,"{'temp': 298.39, 'feels_like': 300.08, 'temp_min': 298.39, 'temp_max': 298.39, 'pressure': 1012, 'humidity': 89, 'sea_level': 1012, 'grnd_level': 1011}",,,stations,"{'temp': 298.39, 'feels_like': 300.08, 'temp_min': 298.39, 'temp_max': 298.39, 'pressure': 1012, 'humidity': 89, 'sea_level': 1012, 'grnd_level': 1011}",,,,,,10000,"{'speed': 5.32, 'deg': 44}",{'all': 99},1612323272,"{'country': 'BR', 'sunrise': 1612342267, 'sunset': 1612390691}",3466165,,,,-10800,3466165,Cidreira,200
,,,,city not found,,,,,,,,,,,,,,,,,,,,,,,404
"{'lon': -139.0333, 'lat': -9.8}","[{'id': 802, 'main': 'Clouds', 'description': 'scattered clouds', 'icon': '03d'}]",,,,"{'temp': 299, 'feels_like': 299.33, 'temp_min': 299, 'temp_max': 299, 'pressure': 1011, 'humidity': 74, 'sea_level': 1011, 'grnd_level': 1003}",,,stations,"{'temp': 299, 'feels_like': 299.33, 'temp_min': 299, 'temp_max': 299, 'pressure': 1011, 'humidity': 74, 'sea_level': 1011, 'grnd_level': 1003}",,,,,,10000,"{'speed': 5.4, 'deg': 102}",{'all': 48},1612323284,"{'country': 'PF', 'sunrise': 1612278871, 'sunset': 1612323914}",4020109,,,,-34200,4020109,Atuona,200
"{'lon': 25.5701, 'lat': -33.918}","[{'id': 800, 'main': 'Clear', 'description': 'clear sky', 'icon': '01n'}]",,,,"{'temp': 289.15, 'feels_like': 290.42, 'temp_min': 289.15, 'temp_max': 289.15, 'pressure': 1010, 'humidity': 94}",,,stations,"{'temp': 289.15, 'feels_like': 290.42, 'temp_min': 289.15, 'temp_max': 289.15, 'pressure': 1010, 'humidity': 94}",,,,,,10000,"{'speed': 0.51, 'deg': 0}",{'all': 0},1612323271,"{'type': 1, 'id': 1973, 'country': 'ZA', 'sunrise': 1612323682, 'sunset': 1612372901}",964420,,,,7200,964420,Port Elizabeth,200
"{'lon': -134.9692, 'lat': -23.1203}","[{'id': 500, 'main': 'Rain', 'description': 'light rain', 'icon': '10d'}]",,{'1h': 0.19},,"{'temp': 298.93, 'feels_like': 298.17, 'temp_min': 298.93, 'temp_max': 298.93, 'pressure': 1013, 'humidity': 75, 'sea_level': 1013, 'grnd_level': 1010}",,,stations,"{'temp': 298.93, 'feels_like': 298.17, 'temp_min': 298.93, 'temp_max': 298.93, 'pressure': 1013, 'humidity': 75, 'sea_level': 1013, 'grnd_level': 1010}",,,,,,10000,"{'speed': 7.06, 'deg': 123}",{'all': 16},1612323269,"{'country': 'PF', 'sunrise': 1612276829, 'sunset': 1612324005}",4030556,,,,-32400,4030556,Rikitea,200
"{'lon': 39.5131, 'lat': 68.0531}","[{'id': 600, 'main': 'Snow', 'description': 'light snow', 'icon': '13n'}]",{'1h': 0.14},,,"{'temp': 267.04, 'feels_like': 261.67, 'temp_min': 267.04, 'temp_max': 267.04, 'pressure': 1008, 'humidity': 95, 'sea_level': 1008, 'grnd_level': 1006}",,,stations,"{'temp': 267.04, 'feels_like': 261.67, 'temp_min': 267.04, 'temp_max': 267.04, 'pressure': 1008, 'humidity': 95, 'sea_level': 1008, 'grnd_level': 1006}",,,,,,5267,"{'speed': 3.69, 'deg': 70}",{'all': 100},1612323295,"{'country': 'RU', 'sunrise': 1612333897, 'sunset': 1612355993}",556268,,,,10800,556268,Ostrovnoy,200
"{'lon': 20.0403, 'lat': -34.5322}","[{'id': 800, 'main': 'Clear', 'description': 'clear sky', 'icon': '01n'}]",,,,"{'temp': 286.15, 'feels_like': 286.07, 'temp_min': 286.15, 'temp_max': 286.15, 'pressure': 1012, 'humidity': 94}",,,stations,"{'temp': 286.15, 'feels_like': 286.07, 'temp_min': 286.15, 'temp_max': 286.15, 'pressure': 1012, 'humidity': 94}",,,,,,10000,"{'speed': 1.03, 'deg': 340}",{'all': 0},1612323249,"{'type': 1, 'id': 1966, 'country': 'ZA', 'sunrise': 1612324942, 'sunset': 1612374295}",1015776,,,,7200,1015776,Bredasdorp,200
"{'lon': 71.7189, 'lat': 40.4272}","[{'id': 802, 'main': 'Clouds', 'description': 'scattered clouds', 'icon': '03d'}]",,,,"{'temp': 274.15, 'feels_like': 268.89, 'temp_min': 274.15, 'temp_max': 274.15, 'pressure': 1027, 'humidity': 75}",,,stations,"{'temp': 274.15, 'feels_like': 268.89, 'temp_min': 274.15, 'temp_max': 274.15, 'pressure': 1027, 'humidity': 75}",,,,,,8000,"{'speed': 4.12, 'deg': 160}",{'all': 40},1612323295,"{'type': 1, 'id': 9014, 'country': 'UZ', 'sunrise': 1612318845, 'sunset': 1612355584}",1513491,,,,18000,1513491,Yangi Marg`ilon,200
"{'lon': 45.05, 'lat': -25.1667}","[{'id': 801, 'main': 'Clouds', 'description': 'few clouds', 'icon': '02d'}]",,,,"{'temp': 299.47, 'feels_like': 300.9, 'temp_min': 299.47, 'temp_max': 299.47, 'pressure': 1014, 'humidity': 79, 'sea_level': 1014, 'grnd_level': 996}",,,stations,"{'temp': 299.47, 'feels_like': 300.9, 'temp_min': 299.47, 'temp_max': 299.47, 'pressure': 1014, 'humidity': 79, 'sea_level': 1014, 'grnd_level': 996}",,,,,,10000,"{'speed': 4.96, 'deg': 100}",{'all': 12},1612323027,"{'country': 'MG', 'sunrise': 1612319864, 'sunset': 1612367367}",1067565,,,,10800,1067565,Beloha,200
"{'lon': -17.1, 'lat': 32.6667}","[{'id': 802, 'main': 'Clouds', 'description': 'scattered clouds', 'icon': '03n'}]",,,,"{'temp': 286.4, 'feels_like': 285.06, 'temp_min': 284.26, 'temp_max': 288.71, 'pressure': 1017, 'humidity': 78}",,,stations,"{'temp': 286.4, 'feels_like': 285.06, 'temp_min': 284.26, 'temp_max': 288.71, 'pressure': 1017, 'humidity': 78}",,,,,,8936,"{'speed': 1.79, 'deg': 315, 'gust': 3.13}",{'all': 33},1612323298,"{'type': 3, 'id': 2008291, 'country': 'PT', 'sunrise': 1612339300, 'sunset': 1612377766}",2264557,,,,0,2264557,Ponta do Sol,200
"{'lon': 128.1814, 'lat': -3.6954}","[{'id': 500, 'main': 'Rain', 'description': 'light rain', 'icon': '10d'}]",,{'1h': 0.37},,"{'temp': 304.15, 'feels_like': 305.58, 'temp_min': 304.15, 'temp_max': 304.15, 'pressure': 1007, 'humidity': 66}",,,stations,"{'temp': 304.15, 'feels_like': 305.58, 'temp_min': 304.15, 'temp_max': 304.15, 'pressure': 1007, 'humidity': 66}",,,,,,10000,"{'speed': 6.17, 'deg': 330}",{'all': 40},1612323611,"{'type': 1, 'id': 9361, 'country': 'ID', 'sunrise': 1612301590, 'sunset': 1612345735}",1651531,,,,32400,1651531,Ambon City,200
"{'lon': -41.0511, 'lat': -21.6403}","[{'id': 802, 'main': 'Clouds', 'description': 'scattered clouds', 'icon': '03n'}]",,,,"{'temp': 297.92, 'feels_like': 297.62, 'temp_min': 297.92, 'temp_max': 297.92, 'pressure': 1015, 'humidity': 86, 'sea_level': 1015, 'grnd_level': 1014}",,,stations,"{'temp': 297.92, 'feels_like': 297.62, 'temp_min': 297.92, 'temp_max': 297.92, 'pressure': 1015, 'humidity': 86, 'sea_level': 1015, 'grnd_level': 1014}",,,,,,10000,"{'speed': 7.34, 'deg': 44}",{'all': 47},1612323290,"{'country': 'BR', 'sunrise': 1612340845, 'sunset': 1612387719}",3448903,,,,-10800,3448903,São João da Barra,200
"{'lon': -79.2353, 'lat': 42.097}","[{'id': 804, 'main': 'Clouds', 'description': 'overcast clouds', 'icon': '04n'}]",,,,"{'temp': 270.3, 'feels_like': 263.39, 'temp_min': 269.15, 'temp_max': 270.93, 'pressure': 1006, 'humidity': 86}",,,stations,"{'temp': 270.3, 'feels_like': 263.39, 'temp_min': 269.15, 'temp_max': 270.93, 'pressure': 1006, 'humidity': 86}",,,,,,10000,"{'speed': 6.17, 'deg': 340, 'gust': 9.77}",{'all': 90},1612323272,"{'type': 1, 'id': 4588, 'country': 'US', 'sunrise': 1612268920, 'sunset': 1612305158}",5122534,,,,-18000,5122534,Jamestown,200
"{'lon': 124.9104, 'lat': 56.8479}","[{'id': 804, 'main': 'Clouds', 'description': 'overcast clouds', 'icon': '04d'}]",,,,"{'temp': 241.65, 'feels_like': 234.42, 'temp_min': 241.65, 'temp_max': 241.65, 'pressure': 1019, 'humidity': 81, 'sea_level': 1019, 'grnd_level': 922}",,,stations,"{'temp': 241.65, 'feels_like': 234.42, 'temp_min': 241.65, 'temp_max': 241.65, 'pressure': 1019, 'humidity': 81, 'sea_level': 1019, 'grnd_level': 922}",,,,,,2358,"{'speed': 4.78, 'deg': 332}",{'all': 100},1612323865,"{'country': 'RU', 'sunrise': 1612308923, 'sunset': 1612339972}",2025261,,,,32400,2025261,Chul'man,200
,,,,city not found,,,,,,,,,,,,,,,,,,,,,,,404
"{'lon': 9.6134, 'lat': 1.574}","[{'id': 804, 'main': 'Clouds', 'description': 'overcast clouds', 'icon': '04n'}]",,,,"{'temp': 299.12, 'feels_like': 303.87, 'temp_min': 299.12, 'temp_max': 299.12, 'pressure': 1010, 'humidity': 85, 'sea_level': 1010, 'grnd_level': 1008}",,,stations,"{'temp': 299.12, 'feels_like': 303.87, 'temp_min': 299.12, 'temp_max': 299.12, 'pressure': 1010, 'humidity': 85, 'sea_level': 1010, 'grnd_level': 1008}",,,,,,10000,"{'speed': 0.91, 'deg': 206}",{'all': 100},1612323865,"{'country': 'GQ', 'sunrise': 1612330425, 'sunset': 1612373817}",2308278,,,,3600,2308278,Mbini,200
"{'lon': 74.4859, 'lat': 65.85}","[{'id': 803, 'main': 'Clouds', 'description': 'broken clouds', 'icon': '04n'}]",,,,"{'temp': 258.53, 'feels_like': 254.18, 'temp_min': 258.53, 'temp_max': 258.53, 'pressure': 1003, 'humidity': 95, 'sea_level': 1003, 'grnd_level': 996}",,,stations,"{'temp': 258.53, 'feels_like': 254.18, 'temp_min': 258.53, 'temp_max': 258.53, 'pressure': 1003, 'humidity': 95, 'sea_level': 1003, 'grnd_level': 996}",,,,,,5503,"{'speed': 1.38, 'deg': 209}",{'all': 84},1612323866,"{'country': 'RU', 'sunrise': 1612324226, 'sunset': 1612348875}",1495626,,,,18000,1495626,Pangody,200
"{'lon': 170.3133, 'lat': 69.7008}","[{'id': 804, 'main': 'Clouds', 'description': 'overcast clouds', 'icon': '04n'}]",,,,"{'temp': 260.21, 'feels_like': 254.35, 'temp_min': 260.21, 'temp_max': 260.21, 'pressure': 1016, 'humidity': 89, 'sea_level': 1016, 'grnd_level': 1010}",,,stations,"{'temp': 260.21, 'feels_like': 254.35, 'temp_min': 260.21, 'temp_max': 260.21, 'pressure': 1016, 'humidity': 89, 'sea_level': 1016, 'grnd_level': 1010}",,,,,,10000,"{'speed': 3.61, 'deg': 88}",{'all': 100},1612323274,"{'country': 'RU', 'sunrise': 1612303869, 'sunset': 1612323231}",2122090,,,,43200,2122090,Pevek,200
"{'lon': -63.0578, 'lat': 18.217}","[{'id': 801, 'main': 'Clouds', 'description': 'few clouds', 'icon': '02n'}]",,,,"{'temp': 298.66, 'feels_like': 299.98, 'temp_min': 298.15, 'temp_max': 299.15, 'pressure': 1016, 'humidity': 73}",,,stations,"{'temp': 298.66, 'feels_like': 299.98, 'temp_min': 298.15, 'temp_max': 299.15, 'pressure': 1016, 'humidity': 73}",,,,,,10000,"{'speed': 3.6, 'deg': 100}",{'all': 20},1612323774,"{'type': 1, 'id': 8801, 'country': 'AI', 'sunrise': 1612262696, 'sunset': 1612303616}",3573374,,,,-14400,3573374,The Valley,200
"{'lon': -94.2008, 'lat': 46.358}","[{'id': 800, 'main': 'Clear', 'description': 'clear sky', 'icon': '01n'}]",,,,"{'temp': 265.85, 'feels_like': 260.69, 'temp_min': 265.37, 'temp_max': 266.15, 'pressure': 1021, 'humidity': 86}",,,stations,"{'temp': 265.85, 'feels_like': 260.69, 'temp_min': 265.37, 'temp_max': 266.15, 'pressure': 1021, 'humidity': 86}",,,,,,10000,"{'speed': 3.09, 'deg': 150}",{'all': 1},1612323866,"{'type': 1, 'id': 3497, 'country': 'US', 'sunrise': 1612273109, 'sunset': 1612308154}",5019116,,,,-21600,5019116,Brainerd,200
"{'lon': 5.1352, 'lat': 61.9875}","[{'id': 800, 'main': 'Clear', 'description': 'clear sky', 'icon': '01n'}]",,,,"{'temp': 268.71, 'feels_like': 264.43, 'temp_min': 268.71, 'temp_max': 268.71, 'pressure': 1008, 'humidity': 84}",,,stations,"{'temp': 268.71, 'feels_like': 264.43, 'temp_min': 268.71, 'temp_max': 268.71, 'pressure': 1008, 'humidity': 84}",,,,,,10000,"{'speed': 2.14, 'deg': 106}",{'all': 0},1612323301,"{'type': 3, 'id': 2003008, 'country': 'NO', 'sunrise': 1612339169, 'sunset': 1612367223}",3146487,,,,3600,3146487,Raudeberg,200
"{'lon': 168.8643, 'lat': -46.1927}","[{'id': 804, 'main': 'Clouds', 'description': 'overcast clouds', 'icon': '04d'}]",,,,"{'temp': 289.34, 'feels_like': 286.89, 'temp_min': 289.34, 'temp_max': 289.34, 'pressure': 1021, 'humidity': 61, 'sea_level': 1021, 'grnd_level': 1014}",,,stations,"{'temp': 289.34, 'feels_like': 286.89, 'temp_min': 289.34, 'temp_max': 289.34, 'pressure': 1021, 'humidity': 61, 'sea_level': 1021, 'grnd_level': 1014}",,,,,,10000,"{'speed': 3.06, 'deg': 199}",{'all': 85},1612323269,"{'country': 'NZ', 'sunrise': 1612287636, 'sunset': 1612340160}",6201424,,,,46800,6201424,Mataura,200
"{'lon': 145.5913, 'lat': -38.6044}","[{'id': 802, 'main': 'Clouds', 'description': 'scattered clouds', 'icon': '03d'}]",,,,"{'temp': 294.74, 'feels_like': 291.54, 'temp_min': 293.71, 'temp_max': 296.48, 'pressure': 1011, 'humidity': 68}",,,stations,"{'temp': 294.74, 'feels_like': 291.54, 'temp_min': 293.71, 'temp_max': 296.48, 'pressure': 1011, 'humidity': 68}",,,,,,10000,"{'speed': 7.1, 'deg': 119}",{'all': 31},1612323866,"{'type': 3, 'id': 2004514, 'country': 'AU', 'sunrise': 1612294309, 'sunset': 1612344658}",2154826,,,,39600,2154826,Wonthaggi,200
"{'lon': 42.6747, 'lat': 50.5287}","[{'id': 804, 'main': 'Clouds', 'description': 'overcast clouds', 'icon': '04n'}]",,,,"{'temp': 275.15, 'feels_like': 271.43, 'temp_min': 274.26, 'temp_max': 275.93, 'pressure': 1002, 'humidity': 93}",,,stations,"{'temp': 275.15, 'feels_like': 271.43, 'temp_min': 274.26, 'temp_max': 275.93, 'pressure': 1002, 'humidity': 93}",,,,,,341,"{'speed': 2.69, 'deg': 207}",{'all': 100},1612323866,"{'type': 3, 'id': 2016483, 'country': 'RU', 'sunrise': 1612327295, 'sunset': 1612361077}",519062,,,,10800,519062,Novoanninskiy,200
"{'lon': 126.9078, 'lat': 41.8069}","[{'id': 601, 'main': 'Snow', 'description': 'snow', 'icon': '13d'}]",{'1h': 0.9226},,,"{'temp': 261.88, 'feels_like': 256.3, 'temp_min': 261.88, 'temp_max': 261.88, 'pressure': 1023, 'humidity': 79, 'sea_level': 1023, 'grnd_level': 978}",,,stations,"{'temp': 261.88, 'feels_like': 256.3, 'temp_min': 261.88, 'temp_max': 261.88, 'pressure': 1023, 'humidity': 79, 'sea_level': 1023, 'grnd_level': 978}",,,,,,10000,"{'speed': 3.22, 'deg': 238}",{'all': 61},1612323866,"{'country': 'CN', 'sunrise': 1612305782, 'sunset': 1612342155}",2036069,,,,28800,2036069,Linjiang,200
"{'lon': -65.0385, 'lat': -42.7692}","[{'id': 800, 'main': 'Clear', 'description': 'clear sky', 'icon': '01n'}]",,,,"{'temp': 295.44, 'feels_like': 290.37, 'temp_min': 295.44, 'temp_max': 295.44, 'pressure': 1015, 'humidity': 39, 'sea_level': 1015, 'grnd_level': 1014}",,,stations,"{'temp': 295.44, 'feels_like': 290.37, 'temp_min': 295.44, 'temp_max': 295.44, 'pressure': 1015, 'humidity': 39, 'sea_level': 1015, 'grnd_level': 1014}",,,,,,10000,"{'speed': 6.46, 'deg': 358}",{'all': 0},1612323679,"{'country': 'AR', 'sunrise': 1612344351, 'sunset': 1612395727}",3840092,,,,-10800,3840092,Puerto Madryn,200
"{'lon': 56.6244, 'lat': 52.7161}","[{'id': 601, 'main': 'Snow', 'description': 'snow', 'icon': '13n'}]",{'1h': 0.865},,,"{'temp': 274.19, 'feels_like': 270.22, 'temp_min': 274.19, 'temp_max': 274.19, 'pressure': 1018, 'humidity': 95, 'sea_level': 1018, 'grnd_level': 989}",,,stations,"{'temp': 274.19, 'feels_like': 270.22, 'temp_min': 274.19, 'temp_max': 274.19, 'pressure': 1018, 'humidity': 95, 'sea_level': 1018, 'grnd_level': 989}",,,,,,28,"{'speed': 2.91, 'deg': 216}",{'all': 100},1612323866,"{'country': 'RU', 'sunrise': 1612324364, 'sunset': 1612357311}",524681,,,,18000,524681,Mrakovo,200
"{'lon': -69.3632, 'lat': 77.484}","[{'id': 804, 'main': 'Clouds', 'description': 'overcast clouds', 'icon': '04n'}]",,,,"{'temp': 248.53, 'feels_like': 244.12, 'temp_min': 248.53, 'temp_max': 248.53, 'pressure': 1031, 'humidity': 82, 'sea_level': 1031, 'grnd_level': 1026}",,,stations,"{'temp': 248.53, 'feels_like': 244.12, 'temp_min': 248.53, 'temp_max': 248.53, 'pressure': 1031, 'humidity': 82, 'sea_level': 1031, 'grnd_level': 1026}",,,,,,2360,"{'speed': 0.9, 'deg': 348}",{'all': 100},1612323267,"{'country': 'GL', 'sunrise': 0, 'sunset': 0}",3831208,,,,-14400,3831208,Qaanaaq,200
"{'lon': -116.9516, 'lat': 47.718}","[{'id': 803, 'main': 'Clouds', 'description': 'broken clouds', 'icon': '04n'}]",,,,"{'temp': 275.32, 'feels_like': 270.45, 'temp_min': 274.26, 'temp_max': 276.48, 'pressure': 1010, 'humidity': 70}",,,stations,"{'temp': 275.32, 'feels_like': 270.45, 'temp_min': 274.26, 'temp_max': 276.48, 'pressure': 1010, 'humidity': 70}",,,,,,10000,"{'speed': 3.6, 'deg': 230}",{'all': 75},1612323866,"{'type': 1, 'id': 3672, 'country': 'US', 'sunrise': 1612278776, 'sunset': 1612313408}",5604353,,,,-28800,5604353,Post Falls,200
,,,,city not found,,,,,,,,,,,,,,,,,,,,,,,404
"{'lon': -69.2181, 'lat': -51.6226}","[{'id': 800, 'main': 'Clear', 'description': 'clear sky', 'icon': '01n'}]",,,,"{'temp': 291.15, 'feels_like': 283.93, 'temp_min': 291.15, 'temp_max': 291.15, 'pressure': 1007, 'humidity': 48}",,,stations,"{'temp': 291.15, 'feels_like': 283.93, 'temp_min': 291.15, 'temp_max': 291.15, 'pressure': 1007, 'humidity': 48}",,,,,,10000,"{'speed': 9.26, 'deg': 250}",{'all': 0},1612323866,"{'type': 1, 'id': 8293, 'country': 'AR', 'sunrise': 1612343844, 'sunset': 1612398241}",3838859,,,,-10800,3838859,Río Gallegos,200
"{'lon': 80.5464, 'lat': 73.5069}","[{'id': 800, 'main': 'Clear', 'description': 'clear sky', 'icon': '01n'}]",,,,"{'temp': 241.56, 'feels_like': 233.39, 'temp_min': 241.56, 'temp_max': 241.56, 'pressure': 1019, 'humidity': 86, 'sea_level': 1019, 'grnd_level': 1013}",,,stations,"{'temp': 241.56, 'feels_like': 233.39, 'temp_min': 241.56, 'temp_max': 241.56, 'pressure': 1019, 'humidity': 86, 'sea_level': 1019, 'grnd_level': 1013}",,,,,,10000,"{'speed': 6.13, 'deg': 67}",{'all': 3},1612323270,"{'country': 'RU', 'sunrise': 1612330675, 'sunset': 1612339517}",1507390,,,,25200,1507390,Dikson,200
"{'lon': 35.2808, 'lat': 54.3244}","[{'id': 804, 'main': 'Clouds', 'description': 'overcast clouds', 'icon': '04n'}]",,,,"{'temp': 263.03, 'feels_like': 257.11, 'temp_min': 263.03, 'temp_max': 263.03, 'pressure': 1014, 'humidity': 96, 'sea_level': 1014, 'grnd_level': 988}",,,stations,"{'temp': 263.03, 'feels_like': 257.11, 'temp_min': 263.03, 'temp_max': 263.03, 'pressure': 1014, 'humidity': 96, 'sea_level': 1014, 'grnd_level': 988}",,,,,,3738,"{'speed': 4.02, 'deg': 159}",{'all': 100},1612323867,"{'country': 'RU', 'sunrise': 1612329815, 'sunset': 1612362106}",527405,,,,10800,527405,Meshchovsk,200
"{'lon': 122.4739, 'lat': 9.7531}","[{'id': 803, 'main': 'Clouds', 'description': 'broken clouds', 'icon': '04d'}]",,,,"{'temp': 303.35, 'feels_like': 302.79, 'temp_min': 303.35, 'temp_max': 303.35, 'pressure': 1011, 'humidity': 61, 'sea_level': 1011, 'grnd_level': 1009}",,,stations,"{'temp': 303.35, 'feels_like': 302.79, 'temp_min': 303.35, 'temp_max': 303.35, 'pressure': 1011, 'humidity': 61, 'sea_level': 1011, 'grnd_level': 1009}",,,,,,10000,"{'speed': 7.38, 'deg': 39}",{'all': 56},1612323867,"{'country': 'PH', 'sunrise': 1612303924, 'sunset': 1612346141}",1722028,,,,28800,1722028,Cabadiangan,200
"{'lon': 96.1285, 'lat': 4.1363}","[{'id': 500, 'main': 'Rain', 'description': 'light rain', 'icon': '10d'}]",,{'1h': 0.1018},,"{'temp': 302.98, 'feels_like': 307.51, 'temp_min': 302.98, 'temp_max': 302.98, 'pressure': 1013, 'humidity': 66, 'sea_level': 1013, 'grnd_level': 1012}",,,stations,"{'temp': 302.98, 'feels_like': 307.51, 'temp_min': 302.98, 'temp_max': 302.98, 'pressure': 1013, 'humidity': 66, 'sea_level': 1013, 'grnd_level': 1012}",,,,,,10000,"{'speed': 0.84, 'deg': 107}",{'all': 51},1612323867,"{'country': 'ID', 'sunrise': 1612309843, 'sunset': 1612352869}",1214488,,,,25200,1214488,Meulaboh,200
"{'lon': 91.6419, 'lat': 48.0056}","[{'id': 800, 'main': 'Clear', 'description': 'clear sky', 'icon': '01d'}]",,,,"{'temp': 261.1, 'feels_like': 257.44, 'temp_min': 261.1, 'temp_max': 261.1, 'pressure': 1033, 'humidity': 78, 'sea_level': 1033, 'grnd_level': 863}",,,stations,"{'temp': 261.1, 'feels_like': 257.44, 'temp_min': 261.1, 'temp_max': 261.1, 'pressure': 1033, 'humidity': 78, 'sea_level': 1033, 'grnd_level': 863}",,,,,,10000,"{'speed': 0.41, 'deg': 73}",{'all': 3},1612323867,"{'country': 'MN', 'sunrise': 1612315126, 'sunset': 1612349740}",1516048,,,,25200,1516048,Khovd,200
"{'lon': 8.7815, 'lat': -0.7193}","[{'id': 804, 'main': 'Clouds', 'description': 'overcast clouds', 'icon': '04n'}]",,,,"{'temp': 300.25, 'feels_like': 302.79, 'temp_min': 300.25, 'temp_max': 300.25, 'pressure': 1010, 'humidity': 82, 'sea_level': 1010, 'grnd_level': 1009}",,,stations,"{'temp': 300.25, 'feels_like': 302.79, 'temp_min': 300.25, 'temp_max': 300.25, 'pressure': 1010, 'humidity': 82, 'sea_level': 1010, 'grnd_level': 1009}",,,,,,10000,"{'speed': 4.47, 'deg': 198}",{'all': 100},1612323311,"{'country': 'GA', 'sunrise': 1612330462, 'sunset': 1612374180}",2396518,,,,3600,2396518,Port-Gentil,200
"{'lon': -82.4452, 'lat': 38.4193}","[{'id': 800, 'main': 'Clear', 'description': 'clear sky', 'icon': '01n'}]",,,,"{'temp': 269.25, 'feels_like': 263.9, 'temp_min': 268.15, 'temp_max': 270.15, 'pressure': 1016, 'humidity': 54}",,,stations,"{'temp': 269.25, 'feels_like': 263.9, 'temp_min': 268.15, 'temp_max': 270.15, 'pressure': 1016, 'humidity': 54}",,,,,,10000,"{'speed': 3.09, 'deg': 0}",{'all': 1},1612323867,"{'type': 1, 'id': 4438, 'country': 'US', 'sunrise': 1612269238, 'sunset': 1612306382}",4809537,,,,-18000,4809537,Huntington,200
"{'lon': -91.8524, 'lat': 36.7281}","[{'id': 800, 'main': 'Clear', 'description': 'clear sky', 'icon': '01n'}]",,,,"{'temp': 270.92, 'feels_like': 267.19, 'temp_min': 270.37, 'temp_max': 271.48, 'pressure': 1022, 'humidity': 74}",,,stations,"{'temp': 270.92, 'feels_like': 267.19, 'temp_min': 270.37, 'temp_max': 271.48, 'pressure': 1022, 'humidity': 74}",,,,,,10000,"{'speed': 1.42, 'deg': 76}",{'all': 1},1612323578,"{'type': 1, 'id': 6139, 'country': 'US', 'sunrise': 1612271302, 'sunset': 1612308834}",4414200,,,,-21600,4414200,West Plains,200
,,,,city not found,,,,,,,,,,,,,,,,,,,,,,,404
"{'lon': 121.9, 'lat': -33.8667}","[{'id': 803, 'main': 'Clouds', 'description': 'broken clouds', 'icon': '04d'}]",,,,"{'temp': 300.15, 'feels_like': 296.41, 'temp_min': 300.15, 'temp_max': 300.15, 'pressure': 1010, 'humidity': 39}",,,stations,"{'temp': 300.15, 'feels_like': 296.41, 'temp_min': 300.15, 'temp_max': 300.15, 'pressure': 1010, 'humidity': 39}",,,,,,10000,"{'speed': 6.17, 'deg': 280}",{'all': 75},1612323013,"{'type': 1, 'id': 9525, 'country': 'AU', 'sunrise': 1612300552, 'sunset': 1612349789}",2071860,,,,28800,2071860,Esperance,200
"{'lon': -59.7968, 'lat': 3.3803}","[{'id': 803, 'main': 'Clouds', 'description': 'broken clouds', 'icon': '04n'}]",,,,"{'temp': 298.98, 'feels_like': 298.84, 'temp_min': 298.98, 'temp_max': 298.98, 'pressure': 1011, 'humidity': 73, 'sea_level': 1011, 'grnd_level': 1002}",,,stations,"{'temp': 298.98, 'feels_like': 298.84, 'temp_min': 298.98, 'temp_max': 298.98, 'pressure': 1011, 'humidity': 73, 'sea_level': 1011, 'grnd_level': 1002}",,,,,,10000,"{'speed': 5.9, 'deg': 62}",{'all': 77},1612323867,"{'country': 'GY', 'sunrise': 1612260809, 'sunset': 1612303938}",3379316,,,,-14400,3379316,Lethem,200
"{'lon': -81.7006, 'lat': 12.5847}","[{'id': 802, 'main': 'Clouds', 'description': 'scattered clouds', 'icon': '03n'}]",,,,"{'temp': 299.15, 'feels_like': 297.85, 'temp_min': 299.15, 'temp_max': 299.15, 'pressure': 1014, 'humidity': 83}",,,stations,"{'temp': 299.15, 'feels_like': 297.85, 'temp_min': 299.15, 'temp_max': 299.15, 'pressure': 1014, 'humidity': 83}",,,,,,10000,"{'speed': 9.26, 'deg': 360}",{'all': 40},1612323867,"{'type': 1, 'id': 8623, 'country': 'CO', 'sunrise': 1612266738, 'sunset': 1612308524}",3670218,,,,-18000,3670218,San Andrés,200
"{'lon': 133.0839, 'lat': 42.7297}","[{'id': 800, 'main': 'Clear', 'description': 'clear sky', 'icon': '01d'}]",,,,"{'temp': 262.75, 'feels_like': 253.45, 'temp_min': 262.75, 'temp_max': 262.75, 'pressure': 1018, 'humidity': 81, 'sea_level': 1018, 'grnd_level': 1017}",,,stations,"{'temp': 262.75, 'feels_like': 253.45, 'temp_min': 262.75, 'temp_max': 262.75, 'pressure': 1018, 'humidity': 81, 'sea_level': 1018, 'grnd_level': 1017}",,,,,,10000,"{'speed': 8.63, 'deg': 295}",{'all': 5},1612323868,"{'country': 'RU', 'sunrise': 1612304420, 'sunset': 1612340551}",2013258,,,,36000,2013258,Vrangel',200
"{'lon': 126.2925, 'lat': 58.9564}","[{'id': 804, 'main': 'Clouds', 'description': 'overcast clouds', 'icon': '04d'}]",,,,"{'temp': 241.83, 'feels_like': 234.19, 'temp_min': 241.83, 'temp_max': 241.83, 'pressure': 1018, 'humidity': 79, 'sea_level': 1018, 'grnd_level': 978}",,,stations,"{'temp': 241.83, 'feels_like': 234.19, 'temp_min': 241.83, 'temp_max': 241.83, 'pressure': 1018, 'humidity': 79, 'sea_level': 1018, 'grnd_level': 978}",,,,,,1440,"{'speed': 5.37, 'deg': 263}",{'all': 100},1612323868,"{'country': 'RU', 'sunrise': 1612309163, 'sunset': 1612339069}",2015179,,,,32400,2015179,Tommot,200
"{'lon': -159.775, 'lat': -21.2078}","[{'id': 801, 'main': 'Clouds', 'description': 'few clouds', 'icon': '02d'}]",,,,"{'temp': 301.15, 'feels_like': 303.11, 'temp_min': 301.15, 'temp_max': 301.15, 'pressure': 1013, 'humidity': 74}",,,stations,"{'temp': 301.15, 'feels_like': 303.11, 'temp_min': 301.15, 'temp_max': 301.15, 'pressure': 1013, 'humidity': 74}",,,,,,10000,"{'speed': 4.63, 'deg': 360}",{'all': 20},1612323270,"{'type': 1, 'id': 7271, 'country': 'CK', 'sunrise': 1612282949, 'sunset': 1612329792}",4035715,,,,-36000,4035715,Avarua,200
"{'lon': -59.5333, 'lat': 13.0667}","[{'id': 803, 'main': 'Clouds', 'description': 'broken clouds', 'icon': '04n'}]",,,,"{'temp': 299.15, 'feels_like': 295.94, 'temp_min': 299.15, 'temp_max': 299.15, 'pressure': 1014, 'humidity': 69}",,,stations,"{'temp': 299.15, 'feels_like': 295.94, 'temp_min': 299.15, 'temp_max': 299.15, 'pressure': 1014, 'humidity': 69}",,,,,,10000,"{'speed': 9.77, 'deg': 100}",{'all': 75},1612323289,"{'type': 1, 'id': 8772, 'country': 'BB', 'sunrise': 1612261455, 'sunset': 1612303166}",3373652,,,,-14400,3373652,Oistins,200
"{'lon': -51.7216, 'lat': 64.1835}","[{'id': 803, 'main': 'Clouds', 'description': 'broken clouds', 'icon': '04n'}]",,,,"{'temp': 259.15, 'feels_like': 252.09, 'temp_min': 259.15, 'temp_max': 259.15, 'pressure': 1023, 'humidity': 78}",,,stations,"{'temp': 259.15, 'feels_like': 252.09, 'temp_min': 259.15, 'temp_max': 259.15, 'pressure': 1023, 'humidity': 78}",,,,,,10000,"{'speed': 5.14, 'deg': 350}",{'all': 75},1612323323,"{'type': 1, 'id': 86, 'country': 'GL', 'sunrise': 1612353655, 'sunset': 1612380030}",3421319,,,,-10800,3421319,Nuuk,200
"{'lon': 92.0667, 'lat': 49.9811}","[{'id': 802, 'main': 'Clouds', 'description': 'scattered clouds', 'icon': '03d'}]",,,,"{'temp': 251.22, 'feels_like': 247.13, 'temp_min': 251.22, 'temp_max': 251.22, 'pressure': 1035, 'humidity': 88, 'sea_level': 1035, 'grnd_level': 913}",,,stations,"{'temp': 251.22, 'feels_like': 247.13, 'temp_min': 251.22, 'temp_max': 251.22, 'pressure': 1035, 'humidity': 88, 'sea_level': 1035, 'grnd_level': 913}",,,,,,10000,"{'speed': 0.56, 'deg': 88}",{'all': 25},1612323747,"{'country': 'MN', 'sunrise': 1612315356, 'sunset': 1612349306}",1515029,,,,25200,1515029,Ulaangom,200
"{'lon': -62.9967, 'lat': -40.8135}","[{'id': 800, 'main': 'Clear', 'description': 'clear sky', 'icon': '01n'}]",,,,"{'temp': 290.13, 'feels_like': 287.8, 'temp_min': 290.13, 'temp_max': 290.13, 'pressure': 1016, 'humidity': 75, 'sea_level': 1016, 'grnd_level': 1015}",,,stations,"{'temp': 290.13, 'feels_like': 287.8, 'temp_min': 290.13, 'temp_max': 290.13, 'pressure': 1016, 'humidity': 75, 'sea_level': 1016, 'grnd_level': 1015}",,,,,,10000,"{'speed': 4.44, 'deg': 24}",{'all': 0},1612323078,"{'country': 'AR', 'sunrise': 1612344129, 'sunset': 1612394969}",3832899,,,,-10800,3832899,Viedma,200
"{'lon': 105.2542, 'lat': 56.8471}","[{'id': 600, 'main': 'Snow', 'description': 'light snow', 'icon': '13d'}]",{'1h': 0.25},,,"{'temp': 253.4, 'feels_like': 247.6, 'temp_min': 253.4, 'temp_max': 253.4, 'pressure': 1022, 'humidity': 89, 'sea_level': 1022, 'grnd_level': 973}",,,stations,"{'temp': 253.4, 'feels_like': 247.6, 'temp_min': 253.4, 'temp_max': 253.4, 'pressure': 1022, 'humidity': 89, 'sea_level': 1022, 'grnd_level': 973}",,,,,,157,"{'speed': 3.11, 'deg': 178}",{'all': 100},1612323868,"{'country': 'RU', 'sunrise': 1612313634, 'sunset': 1612344697}",2055868,,,,28800,2055868,Yantal',200
,,,,city not found,,,,,,,,,,,,,,,,,,,,,,,404
"{'lon': 20.5833, 'lat': -4.3167}","[{'id': 804, 'main': 'Clouds', 'description': 'overcast clouds', 'icon': '04n'}]",,,,"{'temp': 294.28, 'feels_like': 297.57, 'temp_min': 294.28, 'temp_max': 294.28, 'pressure': 1011, 'humidity': 93, 'sea_level': 1011, 'grnd_level': 970}",,,stations,"{'temp': 294.28, 'feels_like': 297.57, 'temp_min': 294.28, 'temp_max': 294.28, 'pressure': 1011, 'humidity': 93, 'sea_level': 1011, 'grnd_level': 970}",,,,,,10000,"{'speed': 0.55, 'deg': 181}",{'all': 100},1612323868,"{'country': 'CD', 'sunrise': 1612327373, 'sunset': 1612371604}",215976,,,,7200,215976,Ilebo,200
"{'lon': 167.55, 'lat': -13.8833}","[{'id': 803, 'main': 'Clouds', 'description': 'broken clouds', 'icon': '04d'}]",,,,"{'temp': 303.15, 'feels_like': 304.68, 'temp_min': 303.15, 'temp_max': 303.15, 'pressure': 1002, 'humidity': 79}",,,stations,"{'temp': 303.15, 'feels_like': 304.68, 'temp_min': 303.15, 'temp_max': 303.15, 'pressure': 1002, 'humidity': 79}",,,,,,10000,"{'speed': 7.85, 'deg': 297}",{'all': 75},1612323868,"{'type': 1, 'id': 7307, 'country': 'VU', 'sunrise': 1612291385, 'sunset': 1612337042}",2134814,,,,39600,2134814,Sola,200
"{'lon': 100.3354, 'lat': 5.4112}","[{'id': 801, 'main': 'Clouds', 'description': 'few clouds', 'icon': '02d'}]",,,,"{'temp': 303.15, 'feels_like': 304.89, 'temp_min': 303.15, 'temp_max': 303.15, 'pressure': 1012, 'humidity': 54}",,,stations,"{'temp': 303.15, 'feels_like': 304.89, 'temp_min': 303.15, 'temp_max': 303.15, 'pressure': 1012, 'humidity': 54}",,,,,,9000,"{'speed': 2.57, 'deg': 60}",{'all': 20},1612323260,"{'type': 1, 'id': 9429, 'country': 'MY', 'sunrise': 1612308924, 'sunset': 1612351768}",1735106,,,,28800,1735106,George Town,200
"{'lon': 26.891, 'lat': -33.5906}","[{'id': 801, 'main': 'Clouds', 'description': 'few clouds', 'icon': '02n'}]",,,,"{'temp': 297.17, 'feels_like': 296.36, 'temp_min': 297.17, 'temp_max': 297.17, 'pressure': 1012, 'humidity': 55, 'sea_level': 1012, 'grnd_level': 1010}",,,stations,"{'temp': 297.17, 'feels_like': 296.36, 'temp_min': 297.17, 'temp_max': 297.17, 'pressure': 1012, 'humidity': 55, 'sea_level': 1012, 'grnd_level': 1010}",,,,,,10000,"{'speed': 3.17, 'deg': 309}",{'all': 22},1612323273,"{'country': 'ZA', 'sunrise': 1612323400, 'sunset': 1612372549}",964432,,,,7200,964432,Port Alfred,200
"{'lon': -137.5108, 'lat': 60.7522}","[{'id': 804, 'main': 'Clouds', 'description': 'overcast clouds', 'icon': '04n'}]",,,,"{'temp': 246.15, 'feels_like': 241.69, 'temp_min': 246.15, 'temp_max': 246.15, 'pressure': 1023, 'humidity': 76}",,,stations,"{'temp': 246.15, 'feels_like': 241.69, 'temp_min': 246.15, 'temp_max': 246.15, 'pressure': 1023, 'humidity': 76}",,,,,,6115,"{'speed': 0.89, 'deg': 83}",{'all': 90},1612323868,"{'type': 1, 'id': 287, 'country': 'CA', 'sunrise': 1612286671, 'sunset': 1612315383}",5969025,,,,-25200,5969025,Haines Junction,200
"{'lon': 147.3294, 'lat': -42.8794}","[{'id': 801, 'main': 'Clouds', 'description': 'few clouds', 'icon': '02d'}]",,,,"{'temp': 293.28, 'feels_like': 287.37, 'temp_min': 291.15, 'temp_max': 295.37, 'pressure': 1018, 'humidity': 45}",,,stations,"{'temp': 293.28, 'feels_like': 287.37, 'temp_min': 291.15, 'temp_max': 295.37, 'pressure': 1018, 'humidity': 45}",,,,,,10000,"{'speed': 7.72, 'deg': 140}",{'all': 20},1612323126,"{'type': 1, 'id': 9545, 'country': 'AU', 'sunrise': 1612293319, 'sunset': 1612344814}",2163355,,,,39600,2163355,Hobart,200
"{'lon': -85.7, 'lat': 14.9333}","[{'id': 801, 'main': 'Clouds', 'description': 'few clouds', 'icon': '02n'}]",,,,"{'temp': 293.15, 'feels_like': 292.91, 'temp_min': 293.15, 'temp_max': 293.15, 'pressure': 1020, 'humidity': 68, 'sea_level': 1020, 'grnd_level': 970}",,,stations,"{'temp': 293.15, 'feels_like': 292.91, 'temp_min': 293.15, 'temp_max': 293.15, 'pressure': 1020, 'humidity': 68, 'sea_level': 1020, 'grnd_level': 970}",,,,,,10000,"{'speed': 2.11, 'deg': 327}",{'all': 20},1612323868,"{'type': 1, 'id': 7091, 'country': 'HN', 'sunrise': 1612267875, 'sunset': 1612309307}",3602066,,,,-21600,3602066,San José de Río Tinto,200
"{'lon': -68.3, 'lat': -54.8}","[{'id': 500, 'main': 'Rain', 'description': 'light rain', 'icon': '10n'}]",,{'1h': 0.4},,"{'temp': 284.15, 'feels_like': 272.64, 'temp_min': 284.15, 'temp_max': 284.15, 'pressure': 996, 'humidity': 76}",,,stations,"{'temp': 284.15, 'feels_like': 272.64, 'temp_min': 284.15, 'temp_max': 284.15, 'pressure': 996, 'humidity': 76}",,,,,,10000,"{'speed': 15.43, 'deg': 230}",{'all': 75},1612323616,"{'type': 1, 'id': 8303, 'country': 'AR', 'sunrise': 1612342904, 'sunset': 1612398740}",3833367,,,,-10800,3833367,Ushuaia,200
"{'lon': -159.319, 'lat': 22.0752}","[{'id': 802, 'main': 'Clouds', 'description': 'scattered clouds', 'icon': '03d'}]",,,,"{'temp': 297.83, 'feels_like': 295.79, 'temp_min': 297.59, 'temp_max': 298.15, 'pressure': 1012, 'humidity': 65}",,,stations,"{'temp': 297.83, 'feels_like': 295.79, 'temp_min': 297.59, 'temp_max': 298.15, 'pressure': 1012, 'humidity': 65}",,,,,,10000,"{'speed': 6.69, 'deg': 180, 'gust': 9.77}",{'all': 40},1612323270,"{'type': 1, 'id': 7873, 'country': 'US', 'sunrise': 1612286104, 'sunset': 1612326418}",5848280,,,,-36000,5848280,Kapaa,200
"{'lon': -156.7887, 'lat': 71.2906}","[{'id': 721, 'main': 'Haze', 'description': 'haze', 'icon': '50n'}]",,,,"{'temp': 241.15, 'feels_like': 232.56, 'temp_min': 241.15, 'temp_max': 241.15, 'pressure': 1044, 'humidity': 68}",,,stations,"{'temp': 241.15, 'feels_like': 232.56, 'temp_min': 241.15, 'temp_max': 241.15, 'pressure': 1044, 'humidity': 68}",,,,,,4828,"{'speed': 6.69, 'deg': 60}",{'all': 1},1612323092,"{'type': 1, 'id': 7649, 'country': 'US', 'sunrise': 1612297629, 'sunset': 1612313679}",5880054,,,,-32400,5880054,Barrow,200
"{'lon': -149.2667, 'lat': -17.8333}","[{'id': 801, 'main': 'Clouds', 'description': 'few clouds', 'icon': '02d'}]",,,,"{'temp': 303.15, 'feels_like': 305.48, 'temp_min': 303.15, 'temp_max': 303.15, 'pressure': 1012, 'humidity': 66}",,,stations,"{'temp': 303.15, 'feels_like': 305.48, 'temp_min': 303.15, 'temp_max': 303.15, 'pressure': 1012, 'humidity': 66}",,,,,,10000,"{'speed': 4.12, 'deg': 220}",{'all': 20},1612323869,"{'type': 1, 'id': 7318, 'country': 'PF', 'sunrise': 1612280705, 'sunset': 1612326991}",4033543,,,,-36000,4033543,Teahupoo,200
"{'lon': -90.3518, 'lat': -0.7393}","[{'id': 804, 'main': 'Clouds', 'description': 'overcast clouds', 'icon': '04n'}]",,,,"{'temp': 298.15, 'feels_like': 303.01, 'temp_min': 298.15, 'temp_max': 298.15, 'pressure': 1010, 'humidity': 94}",,,stations,"{'temp': 298.15, 'feels_like': 303.01, 'temp_min': 298.15, 'temp_max': 298.15, 'pressure': 1010, 'humidity': 94}",,,,,,10000,"{'speed': 1.34, 'deg': 127, 'gust': 2.24}",{'all': 100},1612323274,"{'type': 3, 'id': 2005652, 'country': 'EC', 'sunrise': 1612267846, 'sunset': 1612311569}",3652764,,,,-21600,3652764,Puerto Ayora,200
"{'lon': -72.0662, 'lat': -45.5752}","[{'id': 800, 'main': 'Clear', 'description': 'clear sky', 'icon': '01n'}]",,,,"{'temp': 288.15, 'feels_like': 287.47, 'temp_min': 288.15, 'temp_max': 288.15, 'pressure': 1017, 'humidity': 72}",,,stations,"{'temp': 288.15, 'feels_like': 287.47, 'temp_min': 288.15, 'temp_max': 288.15, 'pressure': 1017, 'humidity': 72}",,,,,,10000,"{'speed': 1.03, 'deg': 0}",{'all': 0},1612323288,"{'type': 1, 'id': 8491, 'country': 'CL', 'sunrise': 1612345620, 'sunset': 1612397832}",3894426,,,,-10800,3894426,Coyhaique,200
"{'lon': -9.0603, 'lat': 42.7762}","[{'id': 800, 'main': 'Clear', 'description': 'clear sky', 'icon': '01n'}]",,,,"{'temp': 286.23, 'feels_like': 281.91, 'temp_min': 285.93, 'temp_max': 286.48, 'pressure': 1006, 'humidity': 82}",,,stations,"{'temp': 286.23, 'feels_like': 281.91, 'temp_min': 285.93, 'temp_max': 286.48, 'pressure': 1006, 'humidity': 82}",,,,,,10000,"{'speed': 6.26, 'deg': 200, 'gust': 11.18}",{'all': 9},1612323095,"{'type': 3, 'id': 72671, 'country': 'ES', 'sunrise': 1612338515, 'sunset': 1612374691}",3115824,,,,3600,3115824,Muros,200
"{'lon': 128.8694, 'lat': 71.6872}","[{'id': 804, 'main': 'Clouds', 'description': 'overcast clouds', 'icon': '04d'}]",,,,"{'temp': 255.12, 'feels_like': 246.59, 'temp_min': 255.12, 'temp_max': 255.12, 'pressure': 1004, 'humidity': 93, 'sea_level': 1004, 'grnd_level': 999}",,,stations,"{'temp': 255.12, 'feels_like': 246.59, 'temp_min': 255.12, 'temp_max': 255.12, 'pressure': 1004, 'humidity': 93, 'sea_level': 1004, 'grnd_level': 999}",,,,,,558,"{'speed': 7.12, 'deg': 75}",{'all': 100},1612323300,"{'country': 'RU', 'sunrise': 1612315882, 'sunset': 1612331112}",2015306,,,,32400,2015306,Tiksi,200
"{'lon': -52.3333, 'lat': 4.9333}","[{'id': 804, 'main': 'Clouds', 'description': 'overcast clouds', 'icon': '04n'}]",,,,"{'temp': 299.15, 'feels_like': 301.75, 'temp_min': 299.15, 'temp_max': 299.15, 'pressure': 1011, 'humidity': 89}",,,stations,"{'temp': 299.15, 'feels_like': 301.75, 'temp_min': 299.15, 'temp_max': 299.15, 'pressure': 1011, 'humidity': 89}",,,,,,10000,"{'speed': 4.63, 'deg': 70}",{'all': 90},1612323278,"{'type': 1, 'id': 8669, 'country': 'GF', 'sunrise': 1612345531, 'sunset': 1612388448}",3382160,,,,-10800,3382160,Cayenne,200
"{'lon': -175.2, 'lat': -21.2}","[{'id': 501, 'main': 'Rain', 'description': 'moderate rain', 'icon': '10n'}]",,{'1h': 0.25},,"{'temp': 300.15, 'feels_like': 304.43, 'temp_min': 300.15, 'temp_max': 300.15, 'pressure': 1007, 'humidity': 89}",,,stations,"{'temp': 300.15, 'feels_like': 304.43, 'temp_min': 300.15, 'temp_max': 300.15, 'pressure': 1007, 'humidity': 89}",,,,,,2000,"{'speed': 3.09, 'deg': 310}",{'all': 90},1612323618,"{'type': 1, 'id': 7285, 'country': 'TO', 'sunrise': 1612373091, 'sunset': 1612419869}",4032243,,,,46800,4032243,Vaini,200
"{'lon': -105.87, 'lat': 37.4695}","[{'id': 800, 'main': 'Clear', 'description': 'clear sky', 'icon': '01n'}]",,,,"{'temp': 269.15, 'feels_like': 265.18, 'temp_min': 269.15, 'temp_max': 269.15, 'pressure': 1022, 'humidity': 74}",,,stations,"{'temp': 269.15, 'feels_like': 265.18, 'temp_min': 269.15, 'temp_max': 269.15, 'pressure': 1022, 'humidity': 74}",,,,,,10000,"{'speed': 1.54, 'deg': 280}",{'all': 1},1612323869,"{'type': 1, 'id': 3277, 'country': 'US', 'sunrise': 1612274747, 'sunset': 1612312117}",5411479,,,,-25200,5411479,Alamosa,200
"{'lon': -80.672, 'lat': 28.5392}","[{'id': 800, 'main': 'Clear', 'description': 'clear sky', 'icon': '01n'}]",,,,"{'temp': 280.3, 'feels_like': 275.75, 'temp_min': 279.26, 'temp_max': 281.15, 'pressure': 1016, 'humidity': 70}",,,stations,"{'temp': 280.3, 'feels_like': 275.75, 'temp_min': 279.26, 'temp_max': 281.15, 'pressure': 1016, 'humidity': 70}",,,,,,10000,"{'speed': 4.12, 'deg': 280}",{'all': 1},1612323830,"{'type': 1, 'id': 6077, 'country': 'US', 'sunrise': 1612267796, 'sunset': 1612306972}",4164092,,,,-18000,4164092,Merritt Island,200
"{'lon': -72.225, 'lat': 7.7669}","[{'id': 803, 'main': 'Clouds', 'description': 'broken clouds', 'icon': '04n'}]",,,,"{'temp': 293.23, 'feels_like': 293.53, 'temp_min': 293.23, 'temp_max': 293.23, 'pressure': 1013, 'humidity': 61, 'sea_level': 1013, 'grnd_level': 912}",,,stations,"{'temp': 293.23, 'feels_like': 293.53, 'temp_min': 293.23, 'temp_max': 293.23, 'pressure': 1013, 'humidity': 61, 'sea_level': 1013, 'grnd_level': 912}",,,,,,10000,"{'speed': 0.6, 'deg': 64}",{'all': 81},1612323788,"{'country': 'VE', 'sunrise': 1612264109, 'sunset': 1612306604}",3628473,,,,-14400,3628473,San Cristobal,200
"{'lon': 161.3, 'lat': 68.75}","[{'id': 800, 'main': 'Clear', 'description': 'clear sky', 'icon': '01d'}]",,,,"{'temp': 256.77, 'feels_like': 252, 'temp_min': 256.77, 'temp_max': 256.77, 'pressure': 1006, 'humidity': 85, 'sea_level': 1006, 'grnd_level': 1006}",,,stations,"{'temp': 256.77, 'feels_like': 252, 'temp_min': 256.77, 'temp_max': 256.77, 'pressure': 1006, 'humidity': 85, 'sea_level': 1006, 'grnd_level': 1006}",,,,,,10000,"{'speed': 1.78, 'deg': 84}",{'all': 10},1612323303,"{'country': 'RU', 'sunrise': 1612305254, 'sunset': 1612326173}",2126199,,,,39600,2126199,Cherskiy,200
"{'lon': 78.6167, 'lat': 12.6833}","[{'id': 802, 'main': 'Clouds', 'description': 'scattered clouds', 'icon': '03d'}]",,,,"{'temp': 297.66, 'feels_like': 297.21, 'temp_min': 297.66, 'temp_max': 297.66, 'pressure': 1018, 'humidity': 56, 'sea_level': 1018, 'grnd_level': 978}",,,stations,"{'temp': 297.66, 'feels_like': 297.21, 'temp_min': 297.66, 'temp_max': 297.66, 'pressure': 1018, 'humidity': 56, 'sea_level': 1018, 'grnd_level': 978}",,,,,,10000,"{'speed': 3.03, 'deg': 64}",{'all': 44},1612323611,"{'country': 'IN', 'sunrise': 1612314664, 'sunset': 1612356454}",1253437,,,,19800,1253437,Vaniyambadi,200
"{'lon': 19.2345, 'lat': -34.4187}","[{'id': 800, 'main': 'Clear', 'description': 'clear sky', 'icon': '01n'}]",,,,"{'temp': 289.82, 'feels_like': 289.67, 'temp_min': 289.82, 'temp_max': 289.82, 'pressure': 1009, 'humidity': 91}",,,stations,"{'temp': 289.82, 'feels_like': 289.67, 'temp_min': 289.82, 'temp_max': 289.82, 'pressure': 1009, 'humidity': 91}",,,,,,10000,"{'speed': 2.62, 'deg': 123}",{'all': 0},1612323274,"{'type': 3, 'id': 2003650, 'country': 'ZA', 'sunrise': 1612325149, 'sunset': 1612374475}",3366880,,,,7200,3366880,Hermanus,200
"{'lon': 41.7561, 'lat': 50.4106}","[{'id': 804, 'main': 'Clouds', 'description': 'overcast clouds', 'icon': '04n'}]",,,,"{'temp': 275.93, 'feels_like': 272.08, 'temp_min': 275.93, 'temp_max': 275.93, 'pressure': 1002, 'humidity': 93}",,,stations,"{'temp': 275.93, 'feels_like': 272.08, 'temp_min': 275.93, 'temp_max': 275.93, 'pressure': 1002, 'humidity': 93}",,,,,,299,"{'speed': 3.05, 'deg': 228}",{'all': 100},1612323869,"{'type': 3, 'id': 2016483, 'country': 'RU', 'sunrise': 1612327494, 'sunset': 1612361319}",522902,,,,10800,522902,Nekhayevskiy,200
"{'lon': 64.7893, 'lat': 58.0401}","[{'id': 800, 'main': 'Clear', 'description': 'clear sky', 'icon': '01d'}]",,,,"{'temp': 258.45, 'feels_like': 253.28, 'temp_min': 258.45, 'temp_max': 258.45, 'pressure': 1016, 'humidity': 94, 'sea_level': 1016, 'grnd_level': 1005}",,,stations,"{'temp': 258.45, 'feels_like': 253.28, 'temp_min': 258.45, 'temp_max': 258.45, 'pressure': 1016, 'humidity': 94, 'sea_level': 1016, 'grnd_level': 1005}",,,,,,10000,"{'speed': 2.54, 'deg': 251}",{'all': 3},1612323870,"{'country': 'RU', 'sunrise': 1612323644, 'sunset': 1612354112}",1511146,,,,18000,1511146,Azanka,200
"{'lon': -8.1588, 'lat': 42.0304}","[{'id': 803, 'main': 'Clouds', 'description': 'broken clouds', 'icon': '04n'}]",,,,"{'temp': 282.59, 'feels_like': 274.7, 'temp_min': 282.59, 'temp_max': 282.59, 'pressure': 1009, 'humidity': 93}",,,stations,"{'temp': 282.59, 'feels_like': 274.7, 'temp_min': 282.59, 'temp_max': 282.59, 'pressure': 1009, 'humidity': 93}",,,,,,10000,"{'speed': 10.73, 'deg': 167, 'gust': 10.73}",{'all': 80},1612323291,"{'type': 3, 'id': 2007751, 'country': 'PT', 'sunrise': 1612338202, 'sunset': 1612374572}",7117100,,,,0,7117100,Vila,200
"{'lon': -173.3, 'lat': 64.3833}","[{'id': 600, 'main': 'Snow', 'description': 'light snow', 'icon': '13n'}]",{'1h': 0.18},,,"{'temp': 258.99, 'feels_like': 250.2, 'temp_min': 258.99, 'temp_max': 258.99, 'pressure': 1008, 'humidity': 92, 'sea_level': 1008, 'grnd_level': 1007}",,,stations,"{'temp': 258.99, 'feels_like': 250.2, 'temp_min': 258.99, 'temp_max': 258.99, 'pressure': 1008, 'humidity': 92, 'sea_level': 1008, 'grnd_level': 1007}",,,,,,232,"{'speed': 7.73, 'deg': 44}",{'all': 100},1612323285,"{'country': 'RU', 'sunrise': 1612382857, 'sunset': 1612409190}",4031574,,,,43200,4031574,Provideniya,200
"{'lon': 178.4167, 'lat': 69.3833}","[{'id': 804, 'main': 'Clouds', 'description': 'overcast clouds', 'icon': '04n'}]",,,,"{'temp': 250.23, 'feels_like': 241.44, 'temp_min': 250.23, 'temp_max': 250.23, 'pressure': 1027, 'humidity': 85, 'sea_level': 1027, 'grnd_level': 1027}",,,stations,"{'temp': 250.23, 'feels_like': 241.44, 'temp_min': 250.23, 'temp_max': 250.23, 'pressure': 1027, 'humidity': 85, 'sea_level': 1027, 'grnd_level': 1027}",,,,,,10000,"{'speed': 7.23, 'deg': 101}",{'all': 100},1612323289,"{'country': 'RU', 'sunrise': 1612301660, 'sunset': 1612321550}",2123814,,,,43200,2123814,Leningradskiy,200
,,,,city not found,,,,,,,,,,,,,,,,,,,,,,,404
"{'lon': -81.7165, 'lat': 43.7501}","[{'id': 803, 'main': 'Clouds', 'description': 'broken clouds', 'icon': '04n'}]",,,,"{'temp': 271.15, 'feels_like': 263.58, 'temp_min': 271.15, 'temp_max': 271.15, 'pressure': 1016, 'humidity': 64}",,,stations,"{'temp': 271.15, 'feels_like': 263.58, 'temp_min': 271.15, 'temp_max': 271.15, 'pressure': 1016, 'humidity': 64}",,,,,,10000,"{'speed': 6.69, 'deg': 360, 'gust': 9.26}",{'all': 74},1612323634,"{'type': 1, 'id': 253, 'country': 'CA', 'sunrise': 1612269737, 'sunset': 1612305533}",5962442,,,,-18000,5962442,Goderich,200
"{'lon': 30.5767, 'lat': 64.571}","[{'id': 800, 'main': 'Clear', 'description': 'clear sky', 'icon': '01n'}]",,,,"{'temp': 255.04, 'feels_like': 250.57, 'temp_min': 255.04, 'temp_max': 255.04, 'pressure': 1014, 'humidity': 93, 'sea_level': 1014, 'grnd_level': 987}",,,stations,"{'temp': 255.04, 'feels_like': 250.57, 'temp_min': 255.04, 'temp_max': 255.04, 'pressure': 1014, 'humidity': 93, 'sea_level': 1014, 'grnd_level': 987}",,,,,,10000,"{'speed': 1.32, 'deg': 50}",{'all': 0},1612323870,"{'country': 'RU', 'sunrise': 1612334119, 'sunset': 1612360060}",543899,,,,10800,543899,Kostomuksha,200
,,,,city not found,,,,,,,,,,,,,,,,,,,,,,,404
"{'lon': 116.8667, 'lat': 49.9333}","[{'id': 800, 'main': 'Clear', 'description': 'clear sky', 'icon': '01d'}]",,,,"{'temp': 245.92, 'feels_like': 238.44, 'temp_min': 245.92, 'temp_max': 245.92, 'pressure': 1025, 'humidity': 82, 'sea_level': 1025, 'grnd_level': 934}",,,stations,"{'temp': 245.92, 'feels_like': 238.44, 'temp_min': 245.92, 'temp_max': 245.92, 'pressure': 1025, 'humidity': 82, 'sea_level': 1025, 'grnd_level': 934}",,,,,,10000,"{'speed': 5.22, 'deg': 292}",{'all': 0},1612323870,"{'country': 'RU', 'sunrise': 1612309402, 'sunset': 1612343355}",2025099,,,,32400,2025099,Dauriya,200
"{'lon': 122.6711, 'lat': 10.9995}","[{'id': 500, 'main': 'Rain', 'description': 'light rain', 'icon': '10d'}]",,{'1h': 0.365},,"{'temp': 300.16, 'feels_like': 300.63, 'temp_min': 300.16, 'temp_max': 300.16, 'pressure': 1012, 'humidity': 80, 'sea_level': 1012, 'grnd_level': 1009}",,,stations,"{'temp': 300.16, 'feels_like': 300.63, 'temp_min': 300.16, 'temp_max': 300.16, 'pressure': 1012, 'humidity': 80, 'sea_level': 1012, 'grnd_level': 1009}",,,,,,10000,"{'speed': 7.02, 'deg': 30}",{'all': 67},1612323276,"{'country': 'PH', 'sunrise': 1612303968, 'sunset': 1612346002}",1714733,,,,28800,1714733,Dingle,200
"{'lon': -2.8, 'lat': 8.0333}","[{'id': 800, 'main': 'Clear', 'description': 'clear sky', 'icon': '01n'}]",,,,"{'temp': 293.64, 'feels_like': 294.31, 'temp_min': 293.64, 'temp_max': 293.64, 'pressure': 1011, 'humidity': 77, 'sea_level': 1011, 'grnd_level': 972}",,,stations,"{'temp': 293.64, 'feels_like': 294.31, 'temp_min': 293.64, 'temp_max': 293.64, 'pressure': 1011, 'humidity': 77, 'sea_level': 1011, 'grnd_level': 972}",,,,,,10000,"{'speed': 2.06, 'deg': 234}",{'all': 2},1612323870,"{'country': 'CI', 'sunrise': 1612333864, 'sunset': 1612376337}",2291136,,,,0,2291136,Bondoukou,200
,,,,city not found,,,,,,,,,,,,,,,,,,,,,,,404
"{'lon': 30.7861, 'lat': 59.7035}","[{'id': 601, 'main': 'Snow', 'description': 'snow', 'icon': '13n'}]",{'1h': 2.05},,,"{'temp': 267.07, 'feels_like': 260.06, 'temp_min': 267.04, 'temp_max': 267.15, 'pressure': 1003, 'humidity': 93}",,,stations,"{'temp': 267.07, 'feels_like': 260.06, 'temp_min': 267.04, 'temp_max': 267.15, 'pressure': 1003, 'humidity': 93}",,,,,,1400,"{'speed': 6, 'deg': 110}",{'all': 90},1612323272,"{'type': 1, 'id': 8926, 'country': 'RU', 'sunrise': 1612332269, 'sunset': 1612361810}",546105,,,,10800,546105,Nikolskoye,200
"{'lon': 97.3714, 'lat': 16.9206}","[{'id': 800, 'main': 'Clear', 'description': 'clear sky', 'icon': '01d'}]",,,,"{'temp': 303.35, 'feels_like': 301.74, 'temp_min': 303.35, 'temp_max': 303.35, 'pressure': 1015, 'humidity': 25, 'sea_level': 1015, 'grnd_level': 1012}",,,stations,"{'temp': 303.35, 'feels_like': 301.74, 'temp_min': 303.35, 'temp_max': 303.35, 'pressure': 1015, 'humidity': 25, 'sea_level': 1015, 'grnd_level': 1012}",,,,,,10000,"{'speed': 1.63, 'deg': 37}",{'all': 0},1612323870,"{'country': 'MM', 'sunrise': 1612310483, 'sunset': 1612351632}",1292288,,,,23400,1292288,Thaton,200
"{'lon': -16.3333, 'lat': 33.0833}","[{'id': 803, 'main': 'Clouds', 'description': 'broken clouds', 'icon': '04n'}]",,,,"{'temp': 289.15, 'feels_like': 289.7, 'temp_min': 289.15, 'temp_max': 289.15, 'pressure': 1018, 'humidity': 88}",,,stations,"{'temp': 289.15, 'feels_like': 289.7, 'temp_min': 289.15, 'temp_max': 289.15, 'pressure': 1018, 'humidity': 88}",,,,,,8000,"{'speed': 1.03, 'deg': 0}",{'all': 75},1612323870,"{'type': 1, 'id': 6902, 'country': 'PT', 'sunrise': 1612339158, 'sunset': 1612377540}",2270385,,,,0,2270385,Camacha,200
"{'lon': -57.5575, 'lat': -38.0023}","[{'id': 803, 'main': 'Clouds', 'description': 'broken clouds', 'icon': '04n'}]",,,,"{'temp': 292.2, 'feels_like': 291.99, 'temp_min': 291.48, 'temp_max': 292.59, 'pressure': 1017, 'humidity': 82}",,,stations,"{'temp': 292.2, 'feels_like': 291.99, 'temp_min': 291.48, 'temp_max': 292.59, 'pressure': 1017, 'humidity': 82}",,,,,,6000,"{'speed': 3.09, 'deg': 140}",{'all': 70},1612323280,"{'type': 1, 'id': 8305, 'country': 'AR', 'sunrise': 1612343179, 'sunset': 1612393308}",3430863,,,,-10800,3430863,Mar del Plata,200
"{'lon': -131.6461, 'lat': 55.3422}","[{'id': 800, 'main': 'Clear', 'description': 'clear sky', 'icon': '01n'}]",,,,"{'temp': 275.94, 'feels_like': 271.27, 'temp_min': 275.15, 'temp_max': 277.15, 'pressure': 1010, 'humidity': 75}",,,stations,"{'temp': 275.94, 'feels_like': 271.27, 'temp_min': 275.15, 'temp_max': 277.15, 'pressure': 1010, 'humidity': 75}",,,,,,10000,"{'speed': 3.6, 'deg': 310}",{'all': 1},1612323320,"{'type': 1, 'id': 7741, 'country': 'US', 'sunrise': 1612283766, 'sunset': 1612315472}",5554428,,,,-32400,5554428,Ketchikan,200
"{'lon': 25.4, 'lat': 37.45}","[{'id': 804, 'main': 'Clouds', 'description': 'overcast clouds', 'icon': '04n'}]",,,,"{'temp': 285.64, 'feels_like': 284.47, 'temp_min': 284.82, 'temp_max': 286.15, 'pressure': 1015, 'humidity': 82}",,,stations,"{'temp': 285.64, 'feels_like': 284.47, 'temp_min': 284.82, 'temp_max': 286.15, 'pressure': 1015, 'humidity': 82}",,,,,,10000,"{'speed': 1.54, 'deg': 0}",{'all': 94},1612323871,"{'type': 1, 'id': 6644, 'country': 'GR', 'sunrise': 1612329607, 'sunset': 1612367057}",264878,,,,7200,264878,Ano Mera,200
,,,,city not found,,,,,,,,,,,,,,,,,,,,,,,404
"{'lon': -35.4608, 'lat': -5.1989}","[{'id': 802, 'main': 'Clouds', 'description': 'scattered clouds', 'icon': '03n'}]",,,,"{'temp': 299.15, 'feels_like': 302.33, 'temp_min': 299.15, 'temp_max': 299.15, 'pressure': 1013, 'humidity': 78}",,,stations,"{'temp': 299.15, 'feels_like': 302.33, 'temp_min': 299.15, 'temp_max': 299.15, 'pressure': 1013, 'humidity': 78}",,,,,,10000,"{'speed': 2.06, 'deg': 180}",{'all': 40},1612323871,"{'type': 1, 'id': 8452, 'country': 'BR', 'sunrise': 1612340762, 'sunset': 1612385118}",3386213,,,,-10800,3386213,Touros,200
"{'lon': 40.2064, 'lat': 29.9697}","[{'id': 800, 'main': 'Clear', 'description': 'clear sky', 'icon': '01n'}]",,,,"{'temp': 285.15, 'feels_like': 281.2, 'temp_min': 285.15, 'temp_max': 285.15, 'pressure': 1019, 'humidity': 40}",,,stations,"{'temp': 285.15, 'feels_like': 281.2, 'temp_min': 285.15, 'temp_max': 285.15, 'pressure': 1019, 'humidity': 40}",,,,,,10000,"{'speed': 2.57, 'deg': 40}",{'all': 0},1612323734,"{'type': 1, 'id': 7431, 'country': 'SA', 'sunrise': 1612325294, 'sunset': 1612364262}",102527,,,,10800,102527,Sakakah,200
"{'lon': 147.2712, 'lat': -2.0226}","[{'id': 804, 'main': 'Clouds', 'description': 'overcast clouds', 'icon': '04d'}]",,,,"{'temp': 301.32, 'feels_like': 303.73, 'temp_min': 301.32, 'temp_max': 301.32, 'pressure': 1006, 'humidity': 80, 'sea_level': 1006, 'grnd_level': 1006}",,,stations,"{'temp': 301.32, 'feels_like': 303.73, 'temp_min': 301.32, 'temp_max': 301.32, 'pressure': 1006, 'humidity': 80, 'sea_level': 1006, 'grnd_level': 1006}",,,,,,8060,"{'speed': 5.2, 'deg': 356}",{'all': 100},1612323271,"{'country': 'PG', 'sunrise': 1612297128, 'sunset': 1612341033}",2092164,,,,36000,2092164,Lorengau,200
,,,,city not found,,,,,,,,,,,,,,,,,,,,,,,404
"{'lon': -75.0638, 'lat': 42.4529}","[{'id': 600, 'main': 'Snow', 'description': 'light snow', 'icon': '13n'}]",{'1h': 0.49},,,"{'temp': 266.72, 'feels_like': 260.05, 'temp_min': 265.93, 'temp_max': 268.15, 'pressure': 991, 'humidity': 87}",,,stations,"{'temp': 266.72, 'feels_like': 260.05, 'temp_min': 265.93, 'temp_max': 268.15, 'pressure': 991, 'humidity': 87}",,,,,,1042,"{'speed': 5.36, 'deg': 344}",{'all': 100},1612323871,"{'type': 3, 'id': 2001849, 'country': 'US', 'sunrise': 1612267967, 'sunset': 1612304110}",5129852,,,,-18000,5129852,Oneonta,200
"{'lon': 134.6333, 'lat': 67.6333}","[{'id': 803, 'main': 'Clouds', 'description': 'broken clouds', 'icon': '04d'}]",,,,"{'temp': 232.88, 'feels_like': 227.93, 'temp_min': 232.88, 'temp_max': 232.88, 'pressure': 1009, 'humidity': 77, 'sea_level': 1009, 'grnd_level': 980}",,,stations,"{'temp': 232.88, 'feels_like': 227.93, 'temp_min': 232.88, 'temp_max': 232.88, 'pressure': 1009, 'humidity': 77, 'sea_level': 1009, 'grnd_level': 980}",,,,,,10000,"{'speed': 1.42, 'deg': 107}",{'all': 78},1612323289,"{'country': 'RU', 'sunrise': 1612310858, 'sunset': 1612333370}",2027044,,,,36000,2027044,Batagay,200
"{'lon': -45.2371, 'lat': 60.1432}","[{'id': 800, 'main': 'Clear', 'description': 'clear sky', 'icon': '01n'}]",,,,"{'temp': 263.39, 'feels_like': 254.11, 'temp_min': 263.39, 'temp_max': 263.39, 'pressure': 1010, 'humidity': 84, 'sea_level': 1010, 'grnd_level': 1010}",,,stations,"{'temp': 263.39, 'feels_like': 254.11, 'temp_min': 263.39, 'temp_max': 263.39, 'pressure': 1010, 'humidity': 84, 'sea_level': 1010, 'grnd_level': 1010}",,,,,,10000,"{'speed': 8.7, 'deg': 329}",{'all': 0},1612323273,"{'country': 'GL', 'sunrise': 1612350619, 'sunset': 1612379954}",3421765,,,,-10800,3421765,Nanortalik,200
"{'lon': 91.3903, 'lat': 53.6039}","[{'id': 711, 'main': 'Smoke', 'description': 'smoke', 'icon': '50d'}]",,,,"{'temp': 254.15, 'feels_like': 248.43, 'temp_min': 254.15, 'temp_max': 254.15, 'pressure': 1023, 'humidity': 78}",,,stations,"{'temp': 254.15, 'feels_like': 248.43, 'temp_min': 254.15, 'temp_max': 254.15, 'pressure': 1023, 'humidity': 78}",,,,,,2200,"{'speed': 2.96, 'deg': 197}",{'all': 100},1612323687,"{'type': 1, 'id': 8942, 'country': 'RU', 'sunrise': 1612316212, 'sunset': 1612348774}",1510377,,,,25200,1510377,Belyy Yar,200
"{'lon': 73.0833, 'lat': -0.6}","[{'id': 802, 'main': 'Clouds', 'description': 'scattered clouds', 'icon': '03d'}]",,,,"{'temp': 301.21, 'feels_like': 304.45, 'temp_min': 301.21, 'temp_max': 301.21, 'pressure': 1012, 'humidity': 68, 'sea_level': 1012, 'grnd_level': 1012}",,,stations,"{'temp': 301.21, 'feels_like': 304.45, 'temp_min': 301.21, 'temp_max': 301.21, 'pressure': 1012, 'humidity': 68, 'sea_level': 1012, 'grnd_level': 1012}",,,,,,10000,"{'speed': 1.78, 'deg': 14}",{'all': 25},1612323871,"{'country': 'MV', 'sunrise': 1612315037, 'sunset': 1612358738}",1282256,,,,18000,1282256,Hithadhoo,200
,,,,city not found,,,,,,,,,,,,,,,,,,,,,,,404
"{'lon': 57.7575, 'lat': -20.3428}","[{'id': 802, 'main': 'Clouds', 'description': 'scattered clouds', 'icon': '03d'}]",,,,"{'temp': 300.52, 'feels_like': 303.71, 'temp_min': 300.15, 'temp_max': 300.93, 'pressure': 1015, 'humidity': 78}",,,stations,"{'temp': 300.52, 'feels_like': 303.71, 'temp_min': 300.15, 'temp_max': 300.93, 'pressure': 1015, 'humidity': 78}",,,,,,10000,"{'speed': 3.09, 'deg': 110}",{'all': 40},1612323298,"{'type': 1, 'id': 2061, 'country': 'MU', 'sunrise': 1612317229, 'sunset': 1612363903}",1106677,,,,14400,1106677,Bambous Virieux,200
"{'lon': 27.9116, 'lat': -33.0153}","[{'id': 800, 'main': 'Clear', 'description': 'clear sky', 'icon': '01d'}]",,,,"{'temp': 292.15, 'feels_like': 293.07, 'temp_min': 292.15, 'temp_max': 292.15, 'pressure': 1011, 'humidity': 88}",,,stations,"{'temp': 292.15, 'feels_like': 293.07, 'temp_min': 292.15, 'temp_max': 292.15, 'pressure': 1011, 'humidity': 88}",,,,,,10000,"{'speed': 2.06, 'deg': 320}",{'all': 0},1612323285,"{'type': 1, 'id': 1912, 'country': 'ZA', 'sunrise': 1612323216, 'sunset': 1612372242}",1006984,,,,7200,1006984,East London,200
"{'lon': 147.0587, 'lat': -42.7826}","[{'id': 801, 'main': 'Clouds', 'description': 'few clouds', 'icon': '02d'}]",,,,"{'temp': 293.83, 'feels_like': 291.78, 'temp_min': 293.15, 'temp_max': 295.37, 'pressure': 1016, 'humidity': 36}",,,stations,"{'temp': 293.83, 'feels_like': 291.78, 'temp_min': 293.15, 'temp_max': 295.37, 'pressure': 1016, 'humidity': 36}",,,,,,10000,"{'speed': 1.34, 'deg': 43, 'gust': 2.68}",{'all': 19},1612323272,"{'type': 3, 'id': 2031307, 'country': 'AU', 'sunrise': 1612293398, 'sunset': 1612344865}",2155415,,,,39600,2155415,New Norfolk,200
"{'lon': -12.505, 'lat': 7.5264}","[{'id': 802, 'main': 'Clouds', 'description': 'scattered clouds', 'icon': '03n'}]",,,,"{'temp': 298.26, 'feels_like': 302.45, 'temp_min': 298.26, 'temp_max': 298.26, 'pressure': 1011, 'humidity': 91, 'sea_level': 1011, 'grnd_level': 1010}",,,stations,"{'temp': 298.26, 'feels_like': 302.45, 'temp_min': 298.26, 'temp_max': 298.26, 'pressure': 1011, 'humidity': 91, 'sea_level': 1011, 'grnd_level': 1010}",,,,,,10000,"{'speed': 1.94, 'deg': 290}",{'all': 27},1612323872,"{'country': 'SL', 'sunrise': 1612336157, 'sunset': 1612378703}",2409914,,,,0,2409914,Bonthe,200
"{'lon': -81.7826, 'lat': 24.5557}","[{'id': 801, 'main': 'Clouds', 'description': 'few clouds', 'icon': '02n'}]",,,,"{'temp': 289.03, 'feels_like': 285.41, 'temp_min': 288.71, 'temp_max': 289.15, 'pressure': 1018, 'humidity': 67}",,,stations,"{'temp': 289.03, 'feels_like': 285.41, 'temp_min': 288.71, 'temp_max': 289.15, 'pressure': 1018, 'humidity': 67}",,,,,,10000,"{'speed': 5.14, 'deg': 320, 'gust': 10.29}",{'all': 20},1612323843,"{'type': 1, 'id': 4033, 'country': 'US', 'sunrise': 1612267709, 'sunset': 1612307592}",4160812,,,,-18000,4160812,Key West,200
"{'lon': -97.0584, 'lat': 36.1156}","[{'id': 800, 'main': 'Clear', 'description': 'clear sky', 'icon': '01n'}]",,,,"{'temp': 280.91, 'feels_like': 275.16, 'temp_min': 278.15, 'temp_max': 282.15, 'pressure': 1019, 'humidity': 43}",,,stations,"{'temp': 280.91, 'feels_like': 275.16, 'temp_min': 278.15, 'temp_max': 282.15, 'pressure': 1019, 'humidity': 43}",,,,,,10000,"{'speed': 4.63, 'deg': 160}",{'all': 1},1612323872,"{'type': 1, 'id': 5949, 'country': 'US', 'sunrise': 1612272483, 'sunset': 1612310151}",4552215,,,,-21600,4552215,Stillwater,200
"{'lon': 115.2417, 'lat': 5.2767}","[{'id': 801, 'main': 'Clouds', 'description': 'few clouds', 'icon': '02d'}]",,,,"{'temp': 301.04, 'feels_like': 303.44, 'temp_min': 300.93, 'temp_max': 301.15, 'pressure': 1011, 'humidity': 78}",,,stations,"{'temp': 301.04, 'feels_like': 303.44, 'temp_min': 300.93, 'temp_max': 301.15, 'pressure': 1011, 'humidity': 78}",,,,,,10000,"{'speed': 4.63, 'deg': 320}",{'all': 20},1612323872,"{'type': 1, 'id': 9372, 'country': 'MY', 'sunrise': 1612305337, 'sunset': 1612348200}",1733782,,,,28800,1733782,Labuan,200
"{'lon': -74.8492, 'lat': 49.7834}","[{'id': 800, 'main': 'Clear', 'description': 'clear sky', 'icon': '01n'}]",,,,"{'temp': 262.15, 'feels_like': 254.88, 'temp_min': 262.15, 'temp_max': 262.15, 'pressure': 1015, 'humidity': 79}",,,stations,"{'temp': 262.15, 'feels_like': 254.88, 'temp_min': 262.15, 'temp_max': 262.15, 'pressure': 1015, 'humidity': 79}",,,,,,10000,"{'speed': 5.66, 'deg': 360}",{'all': 1},1612323872,"{'type': 1, 'id': 859, 'country': 'CA', 'sunrise': 1612269028, 'sunset': 1612302945}",5919850,,,,-18000,5919850,Chapais,200
,,,,city not found,,,,,,,,,,,,,,,,,,,,,,,404
"{'lon': -64.9, 'lat': -14.8333}","[{'id': 803, 'main': 'Clouds', 'description': 'broken clouds', 'icon': '04n'}]",,,,"{'temp': 296.5, 'feels_like': 300.38, 'temp_min': 296.5, 'temp_max': 296.5, 'pressure': 1010, 'humidity': 96, 'sea_level': 1010, 'grnd_level': 992}",,,stations,"{'temp': 296.5, 'feels_like': 300.38, 'temp_min': 296.5, 'temp_max': 296.5, 'pressure': 1010, 'humidity': 96, 'sea_level': 1010, 'grnd_level': 992}",,,,,,10000,"{'speed': 1.69, 'deg': 9}",{'all': 83},1612323736,"{'country': 'BO', 'sunrise': 1612260689, 'sunset': 1612306508}",3902377,,,,-14400,3902377,La Santisima Trinidad,200
"{'lon': -73.65, 'lat': -37.6167}","[{'id': 800, 'main': 'Clear', 'description': 'clear sky', 'icon': '01n'}]",,,,"{'temp': 287.02, 'feels_like': 283.96, 'temp_min': 287.02, 'temp_max': 287.02, 'pressure': 1015, 'humidity': 87, 'sea_level': 1015, 'grnd_level': 1012}",,,stations,"{'temp': 287.02, 'feels_like': 283.96, 'temp_min': 287.02, 'temp_max': 287.02, 'pressure': 1015, 'humidity': 87, 'sea_level': 1015, 'grnd_level': 1012}",,,,,,10000,"{'speed': 5.14, 'deg': 180}",{'all': 0},1612323272,"{'country': 'CL', 'sunrise': 1612347091, 'sunset': 1612397121}",3883457,,,,-10800,3883457,Lebu,200
"{'lon': 149.55, 'lat': -6.2167}","[{'id': 804, 'main': 'Clouds', 'description': 'overcast clouds', 'icon': '04d'}]",,,,"{'temp': 303.26, 'feels_like': 302.65, 'temp_min': 303.26, 'temp_max': 303.26, 'pressure': 1004, 'humidity': 64, 'sea_level': 1004, 'grnd_level': 1004}",,,stations,"{'temp': 303.26, 'feels_like': 302.65, 'temp_min': 303.26, 'temp_max': 303.26, 'pressure': 1004, 'humidity': 64, 'sea_level': 1004, 'grnd_level': 1004}",,,,,,10000,"{'speed': 8, 'deg': 342}",{'all': 100},1612323307,"{'country': 'PG', 'sunrise': 1612296278, 'sunset': 1612340789}",2094746,,,,36000,2094746,Kandrian,200
"{'lon': 44.4009, 'lat': 33.3406}","[{'id': 800, 'main': 'Clear', 'description': 'clear sky', 'icon': '01n'}]",,,,"{'temp': 279.15, 'feels_like': 276.74, 'temp_min': 279.15, 'temp_max': 279.15, 'pressure': 1021, 'humidity': 75}",,,stations,"{'temp': 279.15, 'feels_like': 276.74, 'temp_min': 279.15, 'temp_max': 279.15, 'pressure': 1021, 'humidity': 75}",,,,,,10000,"{'speed': 1.03, 'deg': 330}",{'all': 0},1612323579,"{'type': 1, 'id': 7597, 'country': 'IQ', 'sunrise': 1612324614, 'sunset': 1612362929}",98182,,,,10800,98182,Baghdad,200
"{'lon': -82.5271, 'lat': 33.194}","[{'id': 800, 'main': 'Clear', 'description': 'clear sky', 'icon': '01n'}]",,,,"{'temp': 276.92, 'feels_like': 269.07, 'temp_min': 276.48, 'temp_max': 277.15, 'pressure': 1014, 'humidity': 45}",,,stations,"{'temp': 276.92, 'feels_like': 269.07, 'temp_min': 276.48, 'temp_max': 277.15, 'pressure': 1014, 'humidity': 45}",,,,,,10000,"{'speed': 7.2, 'deg': 300, 'gust': 8.75}",{'all': 1},1612323284,"{'type': 1, 'id': 2827, 'country': 'US', 'sunrise': 1612268690, 'sunset': 1612306969}",4231997,,,,-18000,4231997,Avera,200
"{'lon': -7.45, 'lat': 54.1}","[{'id': 804, 'main': 'Clouds', 'description': 'overcast clouds', 'icon': '04n'}]",,,,"{'temp': 280.93, 'feels_like': 277.87, 'temp_min': 280.93, 'temp_max': 280.93, 'pressure': 985, 'humidity': 90}",,,stations,"{'temp': 280.93, 'feels_like': 277.87, 'temp_min': 280.93, 'temp_max': 280.93, 'pressure': 985, 'humidity': 90}",,,,,,10000,"{'speed': 3.13, 'deg': 220, 'gust': 4.47}",{'all': 100},1612323872,"{'type': 3, 'id': 2010234, 'country': 'IE', 'sunrise': 1612340009, 'sunset': 1612372424}",2966201,,,,0,2966201,Belturbet,200
"{'lon': 114.6, 'lat': -28.7667}","[{'id': 802, 'main': 'Clouds', 'description': 'scattered clouds', 'icon': '03d'}]",,,,"{'temp': 303.15, 'feels_like': 300.09, 'temp_min': 303.15, 'temp_max': 303.15, 'pressure': 1005, 'humidity': 48}",,,stations,"{'temp': 303.15, 'feels_like': 300.09, 'temp_min': 303.15, 'temp_max': 303.15, 'pressure': 1005, 'humidity': 48}",,,,,,10000,"{'speed': 8.23, 'deg': 160}",{'all': 40},1612323299,"{'type': 1, 'id': 9522, 'country': 'AU', 'sunrise': 1612302828, 'sunset': 1612351017}",2070998,,,,28800,2070998,Geraldton,200
"{'lon': 135.8667, 'lat': -34.7333}","[{'id': 803, 'main': 'Clouds', 'description': 'broken clouds', 'icon': '04d'}]",,,,"{'temp': 294.81, 'feels_like': 292.54, 'temp_min': 294.81, 'temp_max': 294.81, 'pressure': 1011, 'humidity': 56, 'sea_level': 1011, 'grnd_level': 1008}",,,stations,"{'temp': 294.81, 'feels_like': 292.54, 'temp_min': 294.81, 'temp_max': 294.81, 'pressure': 1011, 'humidity': 56, 'sea_level': 1011, 'grnd_level': 1008}",,,,,,10000,"{'speed': 4.35, 'deg': 79}",{'all': 78},1612323274,"{'country': 'AU', 'sunrise': 1612297102, 'sunset': 1612346534}",2063036,,,,37800,2063036,Port Lincoln,200
"{'lon': 12.3889, 'lat': 55.3097}","[{'id': 804, 'main': 'Clouds', 'description': 'overcast clouds', 'icon': '04n'}]",,,,"{'temp': 271.45, 'feels_like': 268.03, 'temp_min': 271.15, 'temp_max': 272.04, 'pressure': 1004, 'humidity': 93}",,,stations,"{'temp': 271.45, 'feels_like': 268.03, 'temp_min': 271.15, 'temp_max': 272.04, 'pressure': 1004, 'humidity': 93}",,,,,,5000,"{'speed': 1.54, 'deg': 60}",{'all': 90},1612323872,"{'type': 1, 'id': 1588, 'country': 'DK', 'sunrise': 1612335522, 'sunset': 1612367388}",2612411,,,,3600,2612411,Store Heddinge,200
"{'lon': -97.5169, 'lat': 28.017}","[{'id': 800, 'main': 'Clear', 'description': 'clear sky', 'icon': '01n'}]",,,,"{'temp': 285.87, 'feels_like': 283.19, 'temp_min': 285.15, 'temp_max': 287.15, 'pressure': 1020, 'humidity': 72}",,,stations,"{'temp': 285.87, 'feels_like': 283.19, 'temp_min': 285.15, 'temp_max': 287.15, 'pressure': 1020, 'humidity': 72}",,,,,,10000,"{'speed': 3.09, 'deg': 140}",{'all': 1},1612323289,"{'type': 1, 'id': 5629, 'country': 'US', 'sunrise': 1612271790, 'sunset': 1612311065}",4726521,,,,-21600,4726521,San Patricio,200
"{'lon': -39.2481, 'lat': -17.7125}","[{'id': 804, 'main': 'Clouds', 'description': 'overcast clouds', 'icon': '04n'}]",,,,"{'temp': 296.95, 'feels_like': 300.04, 'temp_min': 296.95, 'temp_max': 296.95, 'pressure': 1015, 'humidity': 89, 'sea_level': 1015, 'grnd_level': 1014}",,,stations,"{'temp': 296.95, 'feels_like': 300.04, 'temp_min': 296.95, 'temp_max': 296.95, 'pressure': 1015, 'humidity': 89, 'sea_level': 1015, 'grnd_level': 1014}",,,,,,10000,"{'speed': 2.2, 'deg': 20}",{'all': 100},1612323294,"{'country': 'BR', 'sunrise': 1612340733, 'sunset': 1612386965}",3466980,,,,-10800,3466980,Caravelas,200
"{'lon': 140.8333, 'lat': 35.7333}","[{'id': 801, 'main': 'Clouds', 'description': 'few clouds', 'icon': '02d'}]",,,,"{'temp': 283.52, 'feels_like': 276.53, 'temp_min': 283.15, 'temp_max': 284.15, 'pressure': 1014, 'humidity': 32}",,,stations,"{'temp': 283.52, 'feels_like': 276.53, 'temp_min': 283.15, 'temp_max': 284.15, 'pressure': 1014, 'humidity': 32}",,,,,,10000,"{'speed': 6.17, 'deg': 310}",{'all': 20},1612323298,"{'type': 1, 'id': 7955, 'country': 'JP', 'sunrise': 1612301731, 'sunset': 1612339520}",2112802,,,,32400,2112802,Hasaki,200
"{'lon': 47.2041, 'lat': 53.1257}","[{'id': 804, 'main': 'Clouds', 'description': 'overcast clouds', 'icon': '04n'}]",,,,"{'temp': 266.28, 'feels_like': 261.22, 'temp_min': 266.28, 'temp_max': 266.28, 'pressure': 1020, 'humidity': 95, 'sea_level': 1020, 'grnd_level': 1003}",,,stations,"{'temp': 266.28, 'feels_like': 261.22, 'temp_min': 266.28, 'temp_max': 266.28, 'pressure': 1020, 'humidity': 95, 'sea_level': 1020, 'grnd_level': 1003}",,,,,,10000,"{'speed': 3.15, 'deg': 83}",{'all': 89},1612323873,"{'country': 'RU', 'sunrise': 1612326705, 'sunset': 1612359492}",521966,,,,14400,521966,Nikolayevka,200
"{'lon': -42.0278, 'lat': -22.9661}","[{'id': 801, 'main': 'Clouds', 'description': 'few clouds', 'icon': '02n'}]",,,,"{'temp': 297.41, 'feels_like': 294.91, 'temp_min': 297.41, 'temp_max': 297.41, 'pressure': 1014, 'humidity': 88, 'sea_level': 1014, 'grnd_level': 1012}",,,stations,"{'temp': 297.41, 'feels_like': 294.91, 'temp_min': 297.41, 'temp_max': 297.41, 'pressure': 1014, 'humidity': 88, 'sea_level': 1014, 'grnd_level': 1012}",,,,,,10000,"{'speed': 10.4, 'deg': 41}",{'all': 23},1612323873,"{'country': 'BR', 'sunrise': 1612340966, 'sunset': 1612388066}",3471451,,,,-10800,3471451,Arraial do Cabo,200
"{'lon': -59.5167, 'lat': 13.2167}","[{'id': 803, 'main': 'Clouds', 'description': 'broken clouds', 'icon': '04n'}]",,,,"{'temp': 299.15, 'feels_like': 295.94, 'temp_min': 299.15, 'temp_max': 299.15, 'pressure': 1014, 'humidity': 69}",,,stations,"{'temp': 299.15, 'feels_like': 295.94, 'temp_min': 299.15, 'temp_max': 299.15, 'pressure': 1014, 'humidity': 69}",,,,,,10000,"{'speed': 9.77, 'deg': 100}",{'all': 75},1612322998,"{'type': 1, 'id': 8772, 'country': 'BB', 'sunrise': 1612261462, 'sunset': 1612303151}",3374083,,,,-14400,3374083,Bathsheba,200
"{'lon': -52.7314, 'lat': 47.6666}","[{'id': 804, 'main': 'Clouds', 'description': 'overcast clouds', 'icon': '04n'}]",,,,"{'temp': 270.54, 'feels_like': 263.29, 'temp_min': 269.82, 'temp_max': 271.48, 'pressure': 1029, 'humidity': 86}",,,stations,"{'temp': 270.54, 'feels_like': 263.29, 'temp_min': 269.82, 'temp_max': 271.48, 'pressure': 1029, 'humidity': 86}",,,,,,10000,"{'speed': 6.69, 'deg': 130, 'gust': 9.77}",{'all': 90},1612323290,"{'type': 1, 'id': 998, 'country': 'CA', 'sunrise': 1612349689, 'sunset': 1612384482}",6167817,,,,-12600,6167817,Torbay,200
"{'lon': -156.47, 'lat': 20.8947}","[{'id': 802, 'main': 'Clouds', 'description': 'scattered clouds', 'icon': '03d'}]",,,,"{'temp': 297.17, 'feels_like': 296.25, 'temp_min': 294.82, 'temp_max': 299.15, 'pressure': 1013, 'humidity': 57}",,,stations,"{'temp': 297.17, 'feels_like': 296.25, 'temp_min': 294.82, 'temp_max': 299.15, 'pressure': 1013, 'humidity': 57}",,,,,,10000,"{'speed': 3.6, 'deg': 30}",{'all': 40},1612323755,"{'type': 1, 'id': 7879, 'country': 'US', 'sunrise': 1612285324, 'sunset': 1612325830}",5847411,,,,-36000,5847411,Kahului,200
"{'lon': 60.4153, 'lat': 60.8697}","[{'id': 804, 'main': 'Clouds', 'description': 'overcast clouds', 'icon': '04n'}]",,,,"{'temp': 258.65, 'feels_like': 253.78, 'temp_min': 258.65, 'temp_max': 258.65, 'pressure': 1011, 'humidity': 94, 'sea_level': 1011, 'grnd_level': 982}",,,stations,"{'temp': 258.65, 'feels_like': 253.78, 'temp_min': 258.65, 'temp_max': 258.65, 'pressure': 1011, 'humidity': 94, 'sea_level': 1011, 'grnd_level': 982}",,,,,,10000,"{'speed': 2.13, 'deg': 229}",{'all': 99},1612323873,"{'country': 'RU', 'sunrise': 1612325540, 'sunset': 1612354316}",1494482,,,,18000,1494482,Polunochnoye,200
"{'lon': 114.8794, 'lat': 40.81}","[{'id': 801, 'main': 'Clouds', 'description': 'few clouds', 'icon': '02d'}]",,,,"{'temp': 267.66, 'feels_like': 259.46, 'temp_min': 267.66, 'temp_max': 267.66, 'pressure': 1028, 'humidity': 68, 'sea_level': 1028, 'grnd_level': 934}",,,stations,"{'temp': 267.66, 'feels_like': 259.46, 'temp_min': 267.66, 'temp_max': 267.66, 'pressure': 1028, 'humidity': 68, 'sea_level': 1028, 'grnd_level': 934}",,,,,,10000,"{'speed': 7.3, 'deg': 319}",{'all': 20},1612323873,"{'country': 'CN', 'sunrise': 1612308541, 'sunset': 1612345170}",2033196,,,,28800,2033196,Zhangjiakou,200
"{'lon': 130.9889, 'lat': -25.2406}","[{'id': 801, 'main': 'Clouds', 'description': 'few clouds', 'icon': '02d'}]",,,,"{'temp': 308.15, 'feels_like': 303.51, 'temp_min': 308.15, 'temp_max': 308.15, 'pressure': 1007, 'humidity': 16}",,,stations,"{'temp': 308.15, 'feels_like': 303.51, 'temp_min': 308.15, 'temp_max': 308.15, 'pressure': 1007, 'humidity': 16}",,,,,,10000,"{'speed': 5.14, 'deg': 10}",{'all': 23},1612323279,"{'type': 1, 'id': 9487, 'country': 'AU', 'sunrise': 1612299222, 'sunset': 1612346756}",6355222,,,,34200,6355222,Yulara,200
"{'lon': -90.4801, 'lat': 30.0666}","[{'id': 800, 'main': 'Clear', 'description': 'clear sky', 'icon': '01n'}]",,,,"{'temp': 279.18, 'feels_like': 275.24, 'temp_min': 278.71, 'temp_max': 280.37, 'pressure': 1023, 'humidity': 73}",,,stations,"{'temp': 279.18, 'feels_like': 275.24, 'temp_min': 278.71, 'temp_max': 280.37, 'pressure': 1023, 'humidity': 73}",,,,,,10000,"{'speed': 3.13, 'deg': 350}",{'all': 1},1612323873,"{'type': 1, 'id': 3315, 'country': 'US', 'sunrise': 1612270292, 'sunset': 1612309185}",4330525,,,,-21600,4330525,Laplace,200
"{'lon': 104.4167, 'lat': 17.3333}","[{'id': 800, 'main': 'Clear', 'description': 'clear sky', 'icon': '01d'}]",,,,"{'temp': 297.66, 'feels_like': 295.43, 'temp_min': 297.15, 'temp_max': 298.15, 'pressure': 1018, 'humidity': 53}",,,stations,"{'temp': 297.66, 'feels_like': 295.43, 'temp_min': 297.15, 'temp_max': 298.15, 'pressure': 1018, 'humidity': 53}",,,,,,10000,"{'speed': 5.14, 'deg': 120}",{'all': 0},1612323873,"{'type': 1, 'id': 9297, 'country': 'TH', 'sunrise': 1612308825, 'sunset': 1612349908}",1608530,,,,25200,1608530,Nakhon Phanom,200
"{'lon': -56.0861, 'lat': -9.8756}","[{'id': 800, 'main': 'Clear', 'description': 'clear sky', 'icon': '01n'}]",,,,"{'temp': 298.15, 'feels_like': 303.85, 'temp_min': 298.15, 'temp_max': 298.15, 'pressure': 1013, 'humidity': 100}",,,stations,"{'temp': 298.15, 'feels_like': 303.85, 'temp_min': 298.15, 'temp_max': 298.15, 'pressure': 1013, 'humidity': 100}",,,,,,10000,"{'speed': 1.03, 'deg': 280}",{'all': 0},1612323287,"{'type': 1, 'id': 8308, 'country': 'BR', 'sunrise': 1612258953, 'sunset': 1612304013}",6316343,,,,-14400,6316343,Alta Floresta,200
,,,,city not found,,,,,,,,,,,,,,,,,,,,,,,404
"{'lon': 52.1167, 'lat': 44.1667}","[{'id': 804, 'main': 'Clouds', 'description': 'overcast clouds', 'icon': '04n'}]",,,,"{'temp': 277.28, 'feels_like': 270.52, 'temp_min': 277.28, 'temp_max': 277.28, 'pressure': 1020, 'humidity': 74, 'sea_level': 1020, 'grnd_level': 995}",,,stations,"{'temp': 277.28, 'feels_like': 270.52, 'temp_min': 277.28, 'temp_max': 277.28, 'pressure': 1020, 'humidity': 74, 'sea_level': 1020, 'grnd_level': 995}",,,,,,10000,"{'speed': 6.81, 'deg': 163}",{'all': 98},1612323874,"{'country': 'KZ', 'sunrise': 1612324032, 'sunset': 1612359808}",608324,,,,18000,608324,Shetpe,200
"{'lon': 66.4042, 'lat': 51.9556}","[{'id': 804, 'main': 'Clouds', 'description': 'overcast clouds', 'icon': '04d'}]",,,,"{'temp': 273.94, 'feels_like': 266.28, 'temp_min': 273.94, 'temp_max': 273.94, 'pressure': 1022, 'humidity': 94, 'sea_level': 1022, 'grnd_level': 995}",,,stations,"{'temp': 273.94, 'feels_like': 266.28, 'temp_min': 273.94, 'temp_max': 273.94, 'pressure': 1022, 'humidity': 94, 'sea_level': 1022, 'grnd_level': 995}",,,,,,10000,"{'speed': 8.1, 'deg': 233}",{'all': 100},1612323874,"{'country': 'KZ', 'sunrise': 1612321871, 'sunset': 1612355110}",1524296,,,,21600,1524296,Esil,200
"{'lon': -57.7528, 'lat': -6.2222}","[{'id': 804, 'main': 'Clouds', 'description': 'overcast clouds', 'icon': '04n'}]",,,,"{'temp': 296.27, 'feels_like': 300.73, 'temp_min': 296.27, 'temp_max': 296.27, 'pressure': 1011, 'humidity': 96, 'sea_level': 1011, 'grnd_level': 1002}",,,stations,"{'temp': 296.27, 'feels_like': 300.73, 'temp_min': 296.27, 'temp_max': 296.27, 'pressure': 1011, 'humidity': 96, 'sea_level': 1011, 'grnd_level': 1002}",,,,,,10000,"{'speed': 0.69, 'deg': 7}",{'all': 99},1612323874,"{'country': 'BR', 'sunrise': 1612346040, 'sunset': 1612390541}",3397763,,,,-10800,3397763,Jacareacanga,200
"{'lon': -71.3436, 'lat': -29.9533}","[{'id': 800, 'main': 'Clear', 'description': 'clear sky', 'icon': '01n'}]",,,,"{'temp': 288.15, 'feels_like': 286.96, 'temp_min': 288.15, 'temp_max': 288.15, 'pressure': 1013, 'humidity': 82}",,,stations,"{'temp': 288.15, 'feels_like': 286.96, 'temp_min': 288.15, 'temp_max': 288.15, 'pressure': 1013, 'humidity': 82}",,,,,,10000,"{'speed': 2.57, 'deg': 100}",{'all': 0},1612323112,"{'type': 1, 'id': 8514, 'country': 'CL', 'sunrise': 1612347365, 'sunset': 1612395740}",3893629,,,,-10800,3893629,Coquimbo,200
"{'lon': -113.5841, 'lat': 37.1041}","[{'id': 800, 'main': 'Clear', 'description': 'clear sky', 'icon': '01n'}]",,,,"{'temp': 286.08, 'feels_like': 283.85, 'temp_min': 284.82, 'temp_max': 287.59, 'pressure': 1018, 'humidity': 58}",,,stations,"{'temp': 286.08, 'feels_like': 283.85, 'temp_min': 284.82, 'temp_max': 287.59, 'pressure': 1018, 'humidity': 58}",,,,,,10000,"{'speed': 1.54, 'deg': 130}",{'all': 1},1612323286,"{'type': 1, 'id': 5832, 'country': 'US', 'sunrise': 1612276556, 'sunset': 1612314011}",5546220,,,,-25200,5546220,Saint George,200
"{'lon': -109.9124, 'lat': 22.8909}","[{'id': 802, 'main': 'Clouds', 'description': 'scattered clouds', 'icon': '03n'}]",,,,"{'temp': 293.71, 'feels_like': 293.69, 'temp_min': 293.15, 'temp_max': 294.15, 'pressure': 1016, 'humidity': 68}",,,stations,"{'temp': 293.71, 'feels_like': 293.69, 'temp_min': 293.15, 'temp_max': 294.15, 'pressure': 1016, 'humidity': 68}",,,,,,10000,"{'speed': 2.06, 'deg': 350}",{'all': 40},1612323285,"{'type': 1, 'id': 7151, 'country': 'MX', 'sunrise': 1612274318, 'sunset': 1612314487}",3985710,,,,-25200,3985710,Cabo San Lucas,200
"{'lon': 119.7, 'lat': 49.2}","[{'id': 800, 'main': 'Clear', 'description': 'clear sky', 'icon': '01d'}]",,,,"{'temp': 245.91, 'feels_like': 239.4, 'temp_min': 245.91, 'temp_max': 245.91, 'pressure': 1024, 'humidity': 84, 'sea_level': 1024, 'grnd_level': 940}",,,stations,"{'temp': 245.91, 'feels_like': 239.4, 'temp_min': 245.91, 'temp_max': 245.91, 'pressure': 1024, 'humidity': 84, 'sea_level': 1024, 'grnd_level': 940}",,,,,,10000,"{'speed': 3.84, 'deg': 262}",{'all': 0},1612323874,"{'country': 'CN', 'sunrise': 1612308596, 'sunset': 1612342801}",2037078,,,,28800,2037078,Hailar,200
"{'lon': -6.3865, 'lat': 58.2093}","[{'id': 802, 'main': 'Clouds', 'description': 'scattered clouds', 'icon': '03n'}]",,,,"{'temp': 276.06, 'feels_like': 268.27, 'temp_min': 275.93, 'temp_max': 276.15, 'pressure': 999, 'humidity': 65}",,,stations,"{'temp': 276.06, 'feels_like': 268.27, 'temp_min': 275.93, 'temp_max': 276.15, 'pressure': 999, 'humidity': 65}",,,,,,10000,"{'speed': 7.72, 'deg': 90}",{'all': 40},1612323287,"{'type': 1, 'id': 1450, 'country': 'GB', 'sunrise': 1612340746, 'sunset': 1612371177}",2636790,,,,0,2636790,Stornoway,200
"{'lon': 54.0924, 'lat': 17.0151}","[{'id': 800, 'main': 'Clear', 'description': 'clear sky', 'icon': '01d'}]",,,,"{'temp': 292.15, 'feels_like': 289.03, 'temp_min': 292.15, 'temp_max': 292.15, 'pressure': 1018, 'humidity': 37}",,,stations,"{'temp': 292.15, 'feels_like': 289.03, 'temp_min': 292.15, 'temp_max': 292.15, 'pressure': 1018, 'humidity': 37}",,,,,,10000,"{'speed': 2.57, 'deg': 310}",{'all': 0},1612323750,"{'type': 1, 'id': 7562, 'country': 'OM', 'sunrise': 1612320876, 'sunset': 1612362015}",286621,,,,14400,286621,Salalah,200
"{'lon': 138.95, 'lat': 34.6667}","[{'id': 801, 'main': 'Clouds', 'description': 'few clouds', 'icon': '02d'}]",,,,"{'temp': 282.74, 'feels_like': 278.03, 'temp_min': 281.48, 'temp_max': 284.15, 'pressure': 1014, 'humidity': 46}",,,stations,"{'temp': 282.74, 'feels_like': 278.03, 'temp_min': 281.48, 'temp_max': 284.15, 'pressure': 1014, 'humidity': 46}",,,,,,10000,"{'speed': 3.6, 'deg': 250}",{'all': 20},1612323291,"{'type': 1, 'id': 8070, 'country': 'JP', 'sunrise': 1612302070, 'sunset': 1612340085}",1852357,,,,32400,1852357,Shimoda,200
"{'lon': -25.4333, 'lat': 37.7167}","[{'id': 803, 'main': 'Clouds', 'description': 'broken clouds', 'icon': '04n'}]",,,,"{'temp': 285.95, 'feels_like': 275.49, 'temp_min': 284.82, 'temp_max': 287.15, 'pressure': 1013, 'humidity': 67}",,,stations,"{'temp': 285.95, 'feels_like': 275.49, 'temp_min': 284.82, 'temp_max': 287.15, 'pressure': 1013, 'humidity': 67}",,,,,,10000,"{'speed': 13.89, 'deg': 280}",{'all': 75},1612323874,"{'type': 1, 'id': 6899, 'country': 'PT', 'sunrise': 1612341829, 'sunset': 1612379237}",3372472,,,,-3600,3372472,Vila Franca do Campo,200
"{'lon': 173.8833, 'lat': -39.2}","[{'id': 800, 'main': 'Clear', 'description': 'clear sky', 'icon': '01d'}]",,,,"{'temp': 295.37, 'feels_like': 294.24, 'temp_min': 295.37, 'temp_max': 295.37, 'pressure': 1017, 'humidity': 61}",,,stations,"{'temp': 295.37, 'feels_like': 294.24, 'temp_min': 295.37, 'temp_max': 295.37, 'pressure': 1017, 'humidity': 61}",,,,,,10000,"{'speed': 3.58, 'deg': 206, 'gust': 7.15}",{'all': 0},1612323286,"{'type': 3, 'id': 2012470, 'country': 'NZ', 'sunrise': 1612287439, 'sunset': 1612337948}",2185763,,,,46800,2185763,Okato,200
"{'lon': -50.0119, 'lat': -24.7911}","[{'id': 804, 'main': 'Clouds', 'description': 'overcast clouds', 'icon': '04n'}]",,,,"{'temp': 291.78, 'feels_like': 293.22, 'temp_min': 291.78, 'temp_max': 291.78, 'pressure': 1014, 'humidity': 95, 'sea_level': 1014, 'grnd_level': 903}",,,stations,"{'temp': 291.78, 'feels_like': 293.22, 'temp_min': 291.78, 'temp_max': 291.78, 'pressure': 1014, 'humidity': 95, 'sea_level': 1014, 'grnd_level': 903}",,,,,,10000,"{'speed': 1.82, 'deg': 62}",{'all': 100},1612323874,"{'country': 'BR', 'sunrise': 1612342724, 'sunset': 1612390141}",3466704,,,,-10800,3466704,Castro,200
"{'lon': 96.37, 'lat': 61.67}","[{'id': 804, 'main': 'Clouds', 'description': 'overcast clouds', 'icon': '04d'}]",,,,"{'temp': 250.29, 'feels_like': 246.11, 'temp_min': 250.29, 'temp_max': 250.29, 'pressure': 1015, 'humidity': 86, 'sea_level': 1015, 'grnd_level': 995}",,,stations,"{'temp': 250.29, 'feels_like': 246.11, 'temp_min': 250.29, 'temp_max': 250.29, 'pressure': 1015, 'humidity': 86, 'sea_level': 1015, 'grnd_level': 995}",,,,,,2397,"{'speed': 0.65, 'deg': 274}",{'all': 97},1612323306,"{'country': 'RU', 'sunrise': 1612317200, 'sunset': 1612345396}",1510689,,,,25200,1510689,Baykit,200
"{'lon': 24.7194, 'lat': 57.5129}","[{'id': 804, 'main': 'Clouds', 'description': 'overcast clouds', 'icon': '04n'}]",,,,"{'temp': 270.37, 'feels_like': 267.01, 'temp_min': 270.37, 'temp_max': 270.37, 'pressure': 997, 'humidity': 96}",,,stations,"{'temp': 270.37, 'feels_like': 267.01, 'temp_min': 270.37, 'temp_max': 270.37, 'pressure': 997, 'humidity': 96}",,,,,,2773,"{'speed': 1.34, 'deg': 225, 'gust': 3.58}",{'all': 97},1612323875,"{'type': 3, 'id': 2010293, 'country': 'LV', 'sunrise': 1612333106, 'sunset': 1612363885}",457890,,,,7200,457890,Limbai,200
"{'lon': -93.218, 'lat': 45.0205}","[{'id': 800, 'main': 'Clear', 'description': 'clear sky', 'icon': '01n'}]",,,,"{'temp': 266.16, 'feels_like': 262.03, 'temp_min': 264.82, 'temp_max': 267.15, 'pressure': 1022, 'humidity': 79}",,,stations,"{'temp': 266.16, 'feels_like': 262.03, 'temp_min': 264.82, 'temp_max': 267.15, 'pressure': 1022, 'humidity': 79}",,,,,,10000,"{'speed': 1.54, 'deg': 160}",{'all': 1},1612323319,"{'type': 1, 'id': 4900, 'country': 'US', 'sunrise': 1612272675, 'sunset': 1612308116}",5044290,,,,-21600,5044290,Saint Anthony,200
"{'lon': -40.2925, 'lat': -20.3297}","[{'id': 801, 'main': 'Clouds', 'description': 'few clouds', 'icon': '02n'}]",,,,"{'temp': 298.15, 'feels_like': 301, 'temp_min': 298.15, 'temp_max': 298.15, 'pressure': 1015, 'humidity': 83}",,,stations,"{'temp': 298.15, 'feels_like': 301, 'temp_min': 298.15, 'temp_max': 298.15, 'pressure': 1015, 'humidity': 83}",,,,,,10000,"{'speed': 2.57, 'deg': 10}",{'all': 20},1612323278,"{'type': 1, 'id': 8474, 'country': 'BR', 'sunrise': 1612340772, 'sunset': 1612387428}",3445026,,,,-10800,3445026,Vila Velha,200
